student_id,university,faculty,department,course,gpa_scale,programme_duration_years,current_level,semester_number,academic_session,semester_gpa,semester_credits,cumulative_cgpa,cumulative_credits,semesters_completed,semesters_remaining,is_final_semester,gpa_trend_slope,gpa_volatility,recent_gpa_avg_3,credits_velocity,next_semester_gpa,final_cgpa,graduation_class,academic_risk
STU_0000,University of Lagos,Science,Mathematics,Mathematics,5.0,6,100,1,2020/2021,2.97,19,2.97,19,1,11,False,0.0,0.0,2.9720733252806455,19.0,3.21,3.59,Second Class Upper,Medium
STU_0000,University of Lagos,Science,Mathematics,Mathematics,5.0,6,100,2,2020/2021,3.21,19,3.09,38,2,10,False,0.23616709629512744,0.166995355283421,3.090156873428209,19.0,3.95,3.59,Second Class Upper,Low
STU_0000,University of Lagos,Science,Mathematics,Mathematics,5.0,6,200,3,2021/2022,3.95,19,3.38,57,3,9,False,0.4879039991035552,0.5090914800764547,3.3760650234480583,19.0,3.78,3.59,Second Class Upper,Low
STU_0000,University of Lagos,Science,Mathematics,Mathematics,5.0,6,200,4,2021/2022,3.78,18,3.47,75,4,8,False,0.3168344189480331,0.46249945158755373,3.6459209442889855,18.75,3.87,3.59,Second Class Upper,Low
STU_0000,University of Lagos,Science,Mathematics,Mathematics,5.0,6,300,5,2022/2023,3.87,19,3.55,94,5,7,False,0.23628284302043218,0.436743164201816,3.8654365395200543,18.8,3.59,3.59,Second Class Upper,Low
STU_0000,University of Lagos,Science,Mathematics,Mathematics,5.0,6,300,6,2022/2023,3.59,15,3.56,109,6,6,False,0.14027940310820292,0.39092413568866674,3.746859139277138,18.166666666666668,3.26,3.59,Second Class Upper,Low
STU_0000,University of Lagos,Science,Mathematics,Mathematics,5.0,6,400,7,2023/2024,3.26,19,3.51,128,7,5,False,0.055746812834622586,0.3742152906959062,3.5741351599052926,18.285714285714285,4.03,3.59,Second Class Upper,Low
STU_0000,University of Lagos,Science,Mathematics,Mathematics,5.0,6,400,8,2023/2024,4.03,18,3.58,146,8,4,False,0.07937217579682157,0.3899980827989419,3.6270005139612347,18.25,3.76,3.59,Second Class Upper,Low
STU_0000,University of Lagos,Science,Mathematics,Mathematics,5.0,6,500,9,2024/2025,3.76,13,3.59,159,9,3,False,0.06770486808614208,0.3698287704028644,3.6844069026542456,17.666666666666668,3.98,3.59,Second Class Upper,Low
STU_0000,University of Lagos,Science,Mathematics,Mathematics,5.0,6,500,10,2024/2025,3.98,13,3.62,172,10,2,False,0.06984564923987713,0.36857489325930753,3.923322413883504,17.2,3.27,3.59,Second Class Upper,Low
STU_0000,University of Lagos,Science,Mathematics,Mathematics,5.0,6,500,11,2025/2026,3.27,13,3.6,185,11,1,False,0.03536298579049435,0.36743777476253353,3.67011244503267,16.818181818181817,3.43,3.59,Second Class Upper,Low
STU_0000,University of Lagos,Science,Mathematics,Mathematics,5.0,6,500,12,2025/2026,3.43,14,3.59,199,12,0,True,0.02057043173766205,0.3538565625650431,3.5599063137672893,16.583333333333332,,3.59,Second Class Upper,Low
STU_0001,Ahmadu Bello University,Science,Physics,Physics with Electronics,5.0,4,100,1,2021/2022,3.6,21,3.6,21,1,7,False,0.0,0.0,3.59880651680699,21.0,3.26,3.49,Second Class Lower,Low
STU_0001,Ahmadu Bello University,Science,Physics,Physics with Electronics,5.0,4,100,2,2021/2022,3.26,18,3.44,39,2,6,False,-0.3421778411379215,0.24195627184039747,3.427717596238029,19.5,3.16,3.49,Second Class Lower,Low
STU_0001,Ahmadu Bello University,Science,Physics,Physics with Electronics,5.0,4,200,3,2022/2023,3.16,20,3.35,59,3,5,False,-0.21796962978838508,0.22946311126693694,3.3394341499020928,19.666666666666668,3.56,3.49,Second Class Lower,Low
STU_0001,Ahmadu Bello University,Science,Physics,Physics with Electronics,5.0,4,200,4,2022/2023,3.56,20,3.4,79,4,4,False,-0.021914998299386923,0.2166496280667379,3.325502087173757,19.75,3.61,3.49,Second Class Lower,Low
STU_0001,Ahmadu Bello University,Science,Physics,Physics with Electronics,5.0,4,300,5,2023/2024,3.61,19,3.44,98,5,3,False,0.03199941144815251,0.21078253449147194,3.442830111141166,19.6,3.47,3.49,Second Class Lower,Low
STU_0001,Ahmadu Bello University,Science,Physics,Physics with Electronics,5.0,4,300,6,2023/2024,3.47,17,3.44,115,6,2,False,0.022982601959325027,0.18900690490509867,3.545096249765285,19.166666666666668,3.27,3.49,Second Class Lower,Low
STU_0001,Ahmadu Bello University,Science,Physics,Physics with Electronics,5.0,4,400,7,2024/2025,3.27,15,3.42,130,7,1,False,-0.004398606470069811,0.18479886099897563,3.4484749273413926,18.571428571428573,3.93,3.49,Second Class Lower,Low
STU_0001,Ahmadu Bello University,Science,Physics,Physics with Electronics,5.0,4,400,8,2024/2025,3.93,18,3.49,148,8,0,True,0.03985902635552154,0.2494631773669866,3.5558524751290643,18.5,,3.49,Second Class Lower,Low
STU_0002,University of Ibadan,Arts,English,English Language,5.0,4,100,1,2022/2023,2.37,19,2.37,19,1,7,False,0.0,0.0,2.36669713773654,19.0,3.04,2.63,Second Class Lower,Medium
STU_0002,University of Ibadan,Arts,English,English Language,5.0,4,100,2,2022/2023,3.04,18,2.7,37,2,6,False,0.6753207506235133,0.47752388224187564,2.704357513048296,18.5,2.57,2.63,Second Class Lower,Medium
STU_0002,University of Ibadan,Arts,English,English Language,5.0,4,200,3,2023/2024,2.57,21,2.65,58,3,5,False,0.10171890092949054,0.34643868451782095,2.6596166552307046,19.333333333333332,2.4,2.63,Second Class Lower,Medium
STU_0002,University of Ibadan,Arts,English,English Language,5.0,4,200,4,2023/2024,2.4,20,2.59,78,4,4,False,-0.038088333631468616,0.3118510345382106,2.6697277232806873,19.5,3.45,2.63,Second Class Lower,Medium
STU_0002,University of Ibadan,Arts,English,English Language,5.0,4,300,5,2024/2025,3.45,18,2.75,96,5,3,False,0.1526860876334572,0.4694621414691865,2.8065955435408725,19.2,2.13,2.63,Second Class Lower,Medium
STU_0002,University of Ibadan,Arts,English,English Language,5.0,4,300,6,2024/2025,2.13,17,2.66,113,6,2,False,-0.003206147066604879,0.49308904353083965,2.6607215474569585,18.833333333333332,2.53,2.63,Second Class Lower,Medium
STU_0002,University of Ibadan,Arts,English,English Language,5.0,4,400,7,2025/2026,2.53,16,2.64,129,7,1,False,-0.01639531863538879,0.4529806068716911,2.7036609841510395,18.428571428571427,2.55,2.63,Second Class Lower,Medium
STU_0002,University of Ibadan,Arts,English,English Language,5.0,4,400,8,2025/2026,2.55,17,2.63,146,8,0,True,-0.01876268710620392,0.42069303134020003,2.401784124279997,18.25,,2.63,Second Class Lower,Medium
STU_0003,"University of Nigeria, Nsukka",Engineering,Civil,Civil Engineering,5.0,5,100,1,2023/2024,2.86,18,2.86,18,1,9,False,0.0,0.0,2.8562961197649472,18.0,2.42,2.97,Second Class Lower,Medium
STU_0003,"University of Nigeria, Nsukka",Engineering,Civil,Civil Engineering,5.0,5,100,2,2023/2024,2.42,19,2.63,37,2,8,False,-0.4350306192641278,0.30761310090544786,2.638780810132883,18.5,2.59,2.97,Second Class Lower,Medium
STU_0003,"University of Nigeria, Nsukka",Engineering,Civil,Civil Engineering,5.0,5,200,3,2024/2025,2.59,18,2.62,55,3,7,False,-0.13452328946120518,0.21954058204021726,2.6216037203694342,18.333333333333332,1.99,2.97,Second Class Lower,Medium
STU_0003,"University of Nigeria, Nsukka",Engineering,Civil,Civil Engineering,5.0,5,200,4,2024/2025,1.99,20,2.45,75,4,6,False,-0.24292304080666835,0.3625968725380726,2.333246559435168,18.75,1.97,2.97,Second Class Lower,Medium
STU_0003,"University of Nigeria, Nsukka",Engineering,Civil,Civil Engineering,5.0,5,300,5,2025/2026,1.97,18,2.36,93,5,5,False,-0.22060337845091355,0.3843864059334374,2.1822579456948,18.6,3.76,2.97,Second Class Lower,Medium
STU_0003,"University of Nigeria, Nsukka",Engineering,Civil,Civil Engineering,5.0,5,300,6,2025/2026,3.76,17,2.57,110,6,4,False,0.07301341157565834,0.6647150796862552,2.572632927515053,18.333333333333332,3.29,2.97,Second Class Lower,Medium
STU_0003,"University of Nigeria, Nsukka",Engineering,Civil,Civil Engineering,5.0,5,400,7,2026/2027,3.29,15,2.66,125,7,3,False,0.11998483905035359,0.6610595544985308,3.0059131332679603,17.857142857142858,3.47,2.97,Second Class Lower,Medium
STU_0003,"University of Nigeria, Nsukka",Engineering,Civil,Civil Engineering,5.0,5,400,8,2026/2027,3.47,16,2.75,141,8,2,False,0.1441848213969935,0.669887304512684,3.505344161527198,17.625,3.8,2.97,Second Class Lower,Medium
STU_0003,"University of Nigeria, Nsukka",Engineering,Civil,Civil Engineering,5.0,5,500,9,2027/2028,3.8,17,2.86,158,9,1,False,0.16782896149165533,0.7103127779694391,3.517899262908722,17.555555555555557,4.04,2.97,Second Class Lower,Medium
STU_0003,"University of Nigeria, Nsukka",Engineering,Civil,Civil Engineering,5.0,5,500,10,2027/2028,4.04,15,2.97,173,10,0,True,0.18377623892143874,0.7592862518644468,3.7660631328135565,17.3,,2.97,Second Class Lower,Medium
STU_0004,University of Ibadan,Engineering,Computer,Computer Engineering,5.0,5,100,1,2024/2025,3.36,21,3.36,21,1,9,False,0.0,0.0,3.3636632017054184,21.0,3.15,3.2,Second Class Lower,Low
STU_0004,University of Ibadan,Engineering,Computer,Computer Engineering,5.0,5,100,2,2024/2025,3.15,18,3.26,39,2,8,False,-0.21742243575158904,0.15374087870204506,3.254951983829624,19.5,3.6,3.2,Second Class Lower,Low
STU_0004,University of Ibadan,Engineering,Computer,Computer Engineering,5.0,5,200,3,2025/2026,3.6,18,3.37,57,3,7,False,0.1161586358627873,0.2249109582300712,3.3686281470300803,19.0,3.27,3.2,Second Class Lower,Low
STU_0004,University of Ibadan,Engineering,Computer,Computer Engineering,5.0,5,200,4,2025/2026,3.27,18,3.35,75,4,6,False,0.017625544925672764,0.18982455650881416,3.3382410072278095,18.75,2.07,3.2,Second Class Lower,Low
STU_0004,University of Ibadan,Engineering,Computer,Computer Engineering,5.0,5,300,5,2026/2027,2.07,16,3.12,91,5,5,False,-0.24590414140491182,0.5928140962746038,2.9798314140793565,18.2,3.31,3.2,Second Class Lower,Medium
STU_0004,University of Ibadan,Engineering,Computer,Computer Engineering,5.0,5,300,6,2026/2027,3.31,16,3.15,107,6,4,False,-0.10967287386748184,0.5375054492259121,2.8830999531112718,17.833333333333332,3.41,3.2,Second Class Lower,Low
STU_0004,University of Ibadan,Engineering,Computer,Computer Engineering,5.0,5,400,7,2027/2028,3.41,18,3.19,125,7,3,False,-0.03842741508531592,0.5020442890413602,2.927921561289971,17.857142857142858,3.22,3.2,Second Class Lower,Low
STU_0004,University of Ibadan,Engineering,Computer,Computer Engineering,5.0,5,400,8,2027/2028,3.22,19,3.19,144,8,2,False,-0.021328577471016113,0.4651588669374288,3.3100835488572002,18.0,3.13,3.2,Second Class Lower,Low
STU_0004,University of Ibadan,Engineering,Computer,Computer Engineering,5.0,5,500,9,2028/2029,3.13,13,3.19,157,9,1,False,-0.017835879574645334,0.43535879208097533,3.2511108443098222,17.444444444444443,3.32,3.2,Second Class Lower,Low
STU_0004,University of Ibadan,Engineering,Computer,Computer Engineering,5.0,5,500,10,2028/2029,3.32,16,3.2,173,10,0,True,-0.004636256977227167,0.41329503079254826,3.222264196885975,17.3,,3.2,Second Class Lower,Low
STU_0005,Ahmadu Bello University,Social Sciences,Political Science,Political Science,5.0,4,100,1,2020/2021,4.46,21,4.46,21,1,7,False,0.0,0.0,4.458401284003665,21.0,4.44,4.02,Second Class Upper,Low
STU_0005,Ahmadu Bello University,Social Sciences,Political Science,Political Science,5.0,4,100,2,2020/2021,4.44,18,4.45,39,2,6,False,-0.014260235905261709,0.010083509509930439,4.4512711660510345,19.5,4.36,4.02,Second Class Upper,Low
STU_0005,Ahmadu Bello University,Social Sciences,Political Science,Political Science,5.0,4,200,3,2021/2022,4.36,20,4.42,59,3,5,False,-0.05094839620771063,0.05517619756982105,4.419682274563438,19.666666666666668,3.8,4.02,Second Class Upper,Low
STU_0005,Ahmadu Bello University,Social Sciences,Political Science,Political Science,5.0,4,200,4,2021/2022,3.8,22,4.25,81,4,4,False,-0.20533553742267538,0.3115349418369087,4.201269072594927,20.25,4.01,4.02,Second Class Upper,Low
STU_0005,Ahmadu Bello University,Social Sciences,Political Science,Political Science,5.0,4,300,5,2022/2023,4.01,16,4.21,97,5,3,False,-0.1541125848883444,0.29329739266898475,4.055998071416152,19.4,3.69,4.02,Second Class Upper,Low
STU_0005,Ahmadu Bello University,Social Sciences,Political Science,Political Science,5.0,4,300,6,2022/2023,3.69,19,4.13,116,6,2,False,-0.1624566245421599,0.33766071746610665,3.834950333229525,19.333333333333332,3.51,4.02,Second Class Upper,Low
STU_0005,Ahmadu Bello University,Social Sciences,Political Science,Political Science,5.0,4,400,7,2023/2024,3.51,15,4.06,131,7,1,False,-0.16793995111972151,0.3871522896538542,3.736409908288485,18.714285714285715,3.76,4.02,Second Class Upper,Low
STU_0005,Ahmadu Bello University,Social Sciences,Political Science,Political Science,5.0,4,400,8,2023/2024,3.76,17,4.02,148,8,0,True,-0.13559159135710686,0.372191681075788,3.652033027499284,18.5,,4.02,Second Class Upper,Low
STU_0006,University of Lagos,Science,Mathematics,Mathematics,5.0,5,100,1,2021/2022,4.2,20,4.2,20,1,9,False,0.0,0.0,4.199095956096041,20.0,3.92,4.17,Second Class Upper,Low
STU_0006,University of Lagos,Science,Mathematics,Mathematics,5.0,5,100,2,2021/2022,3.92,19,4.06,39,2,8,False,-0.2820220694159987,0.19941971772831593,4.058084921388042,19.5,4.79,4.17,Second Class Upper,Low
STU_0006,University of Lagos,Science,Mathematics,Mathematics,5.0,5,200,3,2022/2023,4.79,18,4.29,57,3,7,False,0.2950118724694968,0.4449959493380396,4.301763181270373,19.0,3.93,4.17,Second Class Upper,Low
STU_0006,University of Lagos,Science,Mathematics,Mathematics,5.0,5,200,4,2022/2023,3.93,19,4.2,76,4,6,False,0.005639346735526463,0.40876208241013806,4.211135142714848,19.0,3.83,4.17,Second Class Upper,Low
STU_0006,University of Lagos,Science,Mathematics,Mathematics,5.0,5,300,5,2023/2024,3.83,19,4.13,95,5,5,False,-0.0726442129196668,0.39215917773299047,4.182379152029165,19.0,4.62,4.17,Second Class Upper,Low
STU_0006,University of Lagos,Science,Mathematics,Mathematics,5.0,5,300,6,2023/2024,4.62,15,4.19,110,6,4,False,0.027968531630156234,0.40305687263144574,4.125678595971646,18.333333333333332,3.86,4.17,Second Class Upper,Low
STU_0006,University of Lagos,Science,Mathematics,Mathematics,5.0,5,400,7,2024/2025,3.86,15,4.15,125,7,3,False,-0.02057075032317222,0.39165949306840214,4.102800466193655,17.857142857142858,3.86,4.17,Second Class Upper,Low
STU_0006,University of Lagos,Science,Mathematics,Mathematics,5.0,5,400,8,2024/2025,3.86,18,4.12,143,8,2,False,-0.038589233627115055,0.37765250991672006,4.114025598283205,17.875,4.32,4.17,Second Class Upper,Low
STU_0006,University of Lagos,Science,Mathematics,Mathematics,5.0,5,500,9,2025/2026,4.32,13,4.13,156,9,1,False,-0.014345398339332039,0.35889428037362503,4.012912583898672,17.333333333333332,4.46,4.17,Second Class Upper,Low
STU_0006,University of Lagos,Science,Mathematics,Mathematics,5.0,5,500,10,2025/2026,4.46,17,4.17,173,10,0,True,0.006759816826609929,0.3527444589601334,4.214049013553232,17.3,,4.17,Second Class Upper,Low
STU_0007,Obafemi Awolowo University,Arts,Linguistics,Linguistics,5.0,5,100,1,2022/2023,3.37,22,3.37,22,1,9,False,0.0,0.0,3.3740583249357883,22.0,3.15,3.33,Second Class Lower,Low
STU_0007,Obafemi Awolowo University,Arts,Linguistics,Linguistics,5.0,5,100,2,2022/2023,3.15,21,3.27,43,2,8,False,-0.22051421912122793,0.15592709968867652,3.2638012153751745,21.5,3.41,3.33,Second Class Lower,Low
STU_0007,Obafemi Awolowo University,Arts,Linguistics,Linguistics,5.0,5,200,3,2023/2024,3.41,18,3.31,61,3,7,False,0.016215746526442754,0.13763469516777235,3.3113640829130073,20.333333333333332,3.56,3.33,Second Class Lower,Low
STU_0007,Obafemi Awolowo University,Arts,Linguistics,Linguistics,5.0,5,200,4,2023/2024,3.56,19,3.37,80,4,6,False,0.08073447371659981,0.16715915355264108,3.3729639745787723,20.0,3.13,3.33,Second Class Lower,Low
STU_0007,Obafemi Awolowo University,Arts,Linguistics,Linguistics,5.0,5,300,5,2024/2025,3.13,16,3.33,96,5,5,False,-0.008117617299818214,0.18086056058742186,3.3653870364330642,19.2,3.34,3.33,Second Class Lower,Low
STU_0007,Obafemi Awolowo University,Arts,Linguistics,Linguistics,5.0,5,300,6,2024/2025,3.34,15,3.33,111,6,4,False,-0.00288638658600283,0.16184408770436087,3.3422299208058934,18.5,3.35,3.33,Second Class Lower,Low
STU_0007,Obafemi Awolowo University,Arts,Linguistics,Linguistics,5.0,5,400,7,2025/2026,3.35,17,3.33,128,7,3,False,0.0006621104290157609,0.14799867164485173,3.272548572255515,18.285714285714285,3.74,3.33,Second Class Lower,Low
STU_0007,Obafemi Awolowo University,Arts,Linguistics,Linguistics,5.0,5,400,8,2025/2026,3.74,15,3.37,143,8,2,False,0.034433106630412984,0.1989280316279154,3.4749393198139154,17.875,3.21,3.33,Second Class Lower,Low
STU_0007,Obafemi Awolowo University,Arts,Linguistics,Linguistics,5.0,5,500,9,2026/2027,3.21,17,3.36,160,9,1,False,0.012426321847537463,0.19502445699350357,3.4312397946215736,17.77777777777778,3.07,3.33,Second Class Lower,Low
STU_0007,Obafemi Awolowo University,Arts,Linguistics,Linguistics,5.0,5,500,10,2026/2027,3.07,17,3.33,177,10,0,True,-0.007112619182981424,0.206336987389978,3.3364781286803686,17.7,,3.33,Second Class Lower,Low
STU_0008,"University of Nigeria, Nsukka",Medical Sciences,Physiotherapy,Physiotherapy,5.0,4,100,1,2023/2024,4.46,19,4.46,19,1,7,False,0.0,0.0,4.464298145025171,19.0,4.47,4.7,First Class,Low
STU_0008,"University of Nigeria, Nsukka",Medical Sciences,Physiotherapy,Physiotherapy,5.0,4,100,2,2023/2024,4.47,21,4.47,40,2,6,False,0.0018849610860875998,0.0013328687662453014,4.465240625568215,20.0,4.59,4.7,First Class,Low
STU_0008,"University of Nigeria, Nsukka",Medical Sciences,Physiotherapy,Physiotherapy,5.0,4,200,3,2024/2025,4.59,21,4.51,61,3,5,False,0.060454754525360865,0.06926940820132184,4.505229635070774,20.333333333333332,4.81,4.7,First Class,Low
STU_0008,"University of Nigeria, Nsukka",Medical Sciences,Physiotherapy,Physiotherapy,5.0,4,200,4,2024/2025,4.81,19,4.58,80,4,4,False,0.11709457524577349,0.1648597476642443,4.62210976890334,20.0,4.66,4.7,First Class,Low
STU_0008,"University of Nigeria, Nsukka",Medical Sciences,Physiotherapy,Physiotherapy,5.0,4,300,5,2025/2026,4.66,15,4.59,95,5,3,False,0.07439955362666054,0.14710718536907277,4.687354797850477,19.0,4.71,4.7,First Class,Low
STU_0008,"University of Nigeria, Nsukka",Medical Sciences,Physiotherapy,Physiotherapy,5.0,4,300,6,2025/2026,4.71,15,4.61,110,6,2,False,0.05841090716299368,0.13919850251161722,4.728881334682474,18.333333333333332,5.0,4.7,First Class,Low
STU_0008,"University of Nigeria, Nsukka",Medical Sciences,Physiotherapy,Physiotherapy,5.0,4,400,7,2026/2027,5.0,18,4.66,128,7,1,False,0.07753658645437558,0.19260413500791304,4.790568485841518,18.285714285714285,5.0,4.7,First Class,Low
STU_0008,"University of Nigeria, Nsukka",Medical Sciences,Physiotherapy,Physiotherapy,5.0,4,400,8,2026/2027,5.0,17,4.7,145,8,0,True,0.07904423728792008,0.21275434123554648,4.903262421523962,18.125,,4.7,First Class,Low
STU_0009,University of Ibadan,Engineering,Computer,Computer Engineering,5.0,4,100,1,2024/2025,3.23,21,3.23,21,1,7,False,0.0,0.0,3.2312824076972535,21.0,3.13,3.35,Second Class Lower,Low
STU_0009,University of Ibadan,Engineering,Computer,Computer Engineering,5.0,4,100,2,2024/2025,3.13,19,3.18,40,2,6,False,-0.09881414086477847,0.0698721490826076,3.1818753372648643,20.0,2.56,3.35,Second Class Lower,Low
STU_0009,University of Ibadan,Engineering,Computer,Computer Engineering,5.0,4,200,3,2025/2026,2.56,21,2.97,61,3,5,False,-0.3337467911009837,0.36025644193066053,2.975846500008338,20.333333333333332,3.28,3.35,Second Class Lower,Medium
STU_0009,University of Ibadan,Engineering,Computer,Computer Engineering,5.0,4,200,4,2025/2026,3.28,19,3.04,80,4,4,False,-0.041764596709518334,0.331509500749593,2.992627997146339,20.0,3.98,3.35,Second Class Lower,Low
STU_0009,University of Ibadan,Engineering,Computer,Computer Engineering,5.0,4,300,5,2026/2027,3.98,17,3.21,97,5,3,False,0.16546356568376028,0.5060116767790495,3.2764788815277353,19.4,3.59,3.35,Second Class Lower,Low
STU_0009,University of Ibadan,Engineering,Computer,Computer Engineering,5.0,4,300,6,2026/2027,3.59,18,3.27,115,6,2,False,0.14481435459104072,0.47483774138892765,3.618710500770917,19.166666666666668,3.39,3.35,Second Class Lower,Low
STU_0009,University of Ibadan,Engineering,Computer,Computer Engineering,5.0,4,400,7,2027/2028,3.39,16,3.28,131,7,1,False,0.10006882144314054,0.4347754677818211,3.6536694562042324,18.714285714285715,3.89,3.35,Second Class Lower,Low
STU_0009,University of Ibadan,Engineering,Computer,Computer Engineering,5.0,4,400,8,2027/2028,3.89,15,3.35,146,8,0,True,0.11524542470529042,0.4521320452087343,3.623135646791891,18.25,,3.35,Second Class Lower,Low
STU_0010,Obafemi Awolowo University,Social Sciences,Psychology,Psychology,5.0,4,100,1,2020/2021,2.65,19,2.65,19,1,7,False,0.0,0.0,2.6548704510700984,19.0,1.13,1.41,Pass,Medium
STU_0010,Obafemi Awolowo University,Social Sciences,Psychology,Psychology,5.0,4,100,2,2020/2021,1.13,21,1.86,40,2,6,False,-1.5232464076491299,1.077097864266748,1.8932472472455335,20.0,1.77,1.41,Pass,High
STU_0010,Obafemi Awolowo University,Social Sciences,Psychology,Psychology,5.0,4,200,3,2021/2022,1.77,18,1.83,58,3,5,False,-0.4417168074257688,0.7648632753737852,1.8526437769032091,19.333333333333332,1.78,1.41,Pass,High
STU_0010,Obafemi Awolowo University,Social Sciences,Psychology,Psychology,5.0,4,200,4,2021/2022,1.78,19,1.82,77,4,4,False,-0.19898194235571584,0.6256127574252637,1.5604624195304593,19.25,0.62,1.41,Pass,High
STU_0010,Obafemi Awolowo University,Social Sciences,Psychology,Psychology,5.0,4,300,5,2022/2023,0.62,18,1.59,95,5,3,False,-0.34158842993816796,0.7658977669251501,1.3911134495947426,19.0,0.77,1.41,Pass,High
STU_0010,Obafemi Awolowo University,Social Sciences,Psychology,Psychology,5.0,4,300,6,2022/2023,0.77,15,1.48,110,6,2,False,-0.312615479990009,0.7628113025226286,1.0573052803477783,18.333333333333332,0.69,1.41,Pass,High
STU_0010,Obafemi Awolowo University,Social Sciences,Psychology,Psychology,5.0,4,400,7,2023/2024,0.69,18,1.37,128,7,1,False,-0.27707262973704383,0.7536190743367683,0.695381026593208,18.285714285714285,1.73,1.41,Pass,High
STU_0010,Obafemi Awolowo University,Social Sciences,Psychology,Psychology,5.0,4,400,8,2023/2024,1.73,17,1.41,145,8,0,True,-0.1525468572007186,0.7109384564647,1.0648806510959918,18.125,,1.41,Pass,High
STU_0011,University of Lagos,Medical Sciences,Public Health,Public Health,5.0,4,100,1,2021/2022,4.0,18,4.0,18,1,7,False,0.0,0.0,4.0039151448075,18.0,3.31,4.12,Second Class Upper,Low
STU_0011,University of Lagos,Medical Sciences,Public Health,Public Health,5.0,4,100,2,2021/2022,3.31,20,3.64,38,2,6,False,-0.6902694313156821,0.4880941957291006,3.658780429149659,19.0,4.38,4.12,Second Class Upper,Low
STU_0011,University of Lagos,Medical Sciences,Public Health,Public Health,5.0,4,200,3,2022/2023,4.38,18,3.88,56,3,5,False,0.18934147259900502,0.5419919808827102,3.900052982768276,18.666666666666668,4.0,4.12,Second Class Upper,Low
STU_0011,University of Lagos,Medical Sciences,Public Health,Public Health,5.0,4,200,4,2022/2023,4.0,18,3.91,74,4,4,False,0.10573999097346501,0.4453509162243869,3.8987693753483827,18.5,4.22,4.12,Second Class Upper,Low
STU_0011,University of Lagos,Medical Sciences,Public Health,Public Health,5.0,4,300,5,2023/2024,4.22,19,3.97,93,5,3,False,0.11162859515827495,0.40745054192285546,4.2005037428747345,18.6,4.23,4.12,Second Class Upper,Low
STU_0011,University of Lagos,Medical Sciences,Public Health,Public Health,5.0,4,300,6,2023/2024,4.23,18,4.01,111,6,2,False,0.09870909288458507,0.37785181776533855,4.149058941854132,18.5,4.47,4.12,Second Class Upper,Low
STU_0011,University of Lagos,Medical Sciences,Public Health,Public Health,5.0,4,400,7,2024/2025,4.47,19,4.08,130,7,1,False,0.10993552863103331,0.3846282836114796,4.307310119129559,18.571428571428573,4.36,4.12,Second Class Upper,Low
STU_0011,University of Lagos,Medical Sciences,Public Health,Public Health,5.0,4,400,8,2024/2025,4.36,19,4.12,149,8,0,True,0.0958226681026243,0.3687051398034296,4.354116139749929,18.625,,4.12,Second Class Upper,Low
STU_0012,"University of Nigeria, Nsukka",Medical Sciences,Medicine,Medicine and Surgery,5.0,4,100,1,2022/2023,3.82,22,3.82,22,1,7,False,0.0,0.0,3.822207466170884,22.0,3.53,3.29,Second Class Lower,Low
STU_0012,"University of Nigeria, Nsukka",Medical Sciences,Medicine,Medicine and Surgery,5.0,4,100,2,2022/2023,3.53,18,3.69,40,2,6,False,-0.28960754876213857,0.2047834616125219,3.6774036917898147,20.0,3.34,3.29,Second Class Lower,Low
STU_0012,"University of Nigeria, Nsukka",Medical Sciences,Medicine,Medicine and Surgery,5.0,4,200,3,2023/2024,3.34,21,3.57,61,3,5,False,-0.2392011565706078,0.24096499350729744,3.5662041788697656,20.333333333333332,3.33,3.29,Second Class Lower,Low
STU_0012,"University of Nigeria, Nsukka",Medical Sciences,Medicine,Medicine and Surgery,5.0,4,200,4,2023/2024,3.33,22,3.51,83,4,4,False,-0.1659658877073551,0.22897981304512363,3.402774833014824,20.75,3.43,3.29,Second Class Lower,Low
STU_0012,"University of Nigeria, Nsukka",Medical Sciences,Medicine,Medicine and Surgery,5.0,4,300,5,2024/2025,3.43,19,3.49,102,5,3,False,-0.09787964447781587,0.20108051753976774,3.369624689939625,20.4,3.29,3.29,Second Class Lower,Low
STU_0012,"University of Nigeria, Nsukka",Medical Sciences,Medicine,Medicine and Surgery,5.0,4,300,6,2024/2025,3.29,19,3.46,121,6,2,False,-0.08515137603094321,0.19829155329960968,3.3510880510545227,20.166666666666668,3.22,3.29,Second Class Lower,Low
STU_0012,"University of Nigeria, Nsukka",Medical Sciences,Medicine,Medicine and Surgery,5.0,4,400,7,2025/2026,3.22,17,3.43,138,7,1,False,-0.0786185713454837,0.20197595052295214,3.314311289047436,19.714285714285715,2.1,3.29,Second Class Lower,Low
STU_0012,"University of Nigeria, Nsukka",Medical Sciences,Medicine,Medicine and Surgery,5.0,4,400,8,2025/2026,2.1,17,3.29,155,8,0,True,-0.16307223434032203,0.5053586712445627,2.8688823236110395,19.375,,3.29,Second Class Lower,Medium
STU_0013,"University of Nigeria, Nsukka",Medical Sciences,Medicine,Medicine and Surgery,5.0,5,100,1,2023/2024,3.87,18,3.87,18,1,9,False,0.0,0.0,3.871836962204292,18.0,3.89,4.11,Second Class Upper,Low
STU_0013,"University of Nigeria, Nsukka",Medical Sciences,Medicine,Medicine and Surgery,5.0,5,100,2,2023/2024,3.89,22,3.88,40,2,8,False,0.01771450945772557,0.012526049762950981,3.8806942169331546,20.0,3.77,4.11,Second Class Upper,Low
STU_0013,"University of Nigeria, Nsukka",Medical Sciences,Medicine,Medicine and Surgery,5.0,5,200,3,2024/2025,3.77,19,3.84,59,3,7,False,-0.052438284864902984,0.06625892571317257,3.842782942113599,19.666666666666668,4.11,4.11,Second Class Upper,Low
STU_0013,"University of Nigeria, Nsukka",Medical Sciences,Medicine,Medicine and Surgery,5.0,5,200,4,2024/2025,4.11,22,3.92,81,4,6,False,0.057866159446275135,0.14210360836236904,3.9206999058525187,20.25,4.24,4.11,Second Class Upper,Low
STU_0013,"University of Nigeria, Nsukka",Medical Sciences,Medicine,Medicine and Surgery,5.0,5,300,5,2025/2026,4.24,17,3.97,98,5,5,False,0.09475883057601461,0.19185990724726568,4.036720390033462,19.6,4.77,4.11,Second Class Upper,Low
STU_0013,"University of Nigeria, Nsukka",Medical Sciences,Medicine,Medicine and Surgery,5.0,5,300,6,2025/2026,4.77,16,4.08,114,6,4,False,0.1674433077805292,0.36643454659944874,4.3701928435262944,19.0,4.37,4.11,Second Class Upper,Low
STU_0013,"University of Nigeria, Nsukka",Medical Sciences,Medicine,Medicine and Surgery,5.0,5,400,7,2026/2027,4.37,17,4.12,131,7,3,False,0.13245068014480596,0.3485854779267877,4.456977429758738,18.714285714285715,4.34,4.11,Second Class Upper,Low
STU_0013,"University of Nigeria, Nsukka",Medical Sciences,Medicine,Medicine and Surgery,5.0,5,400,8,2026/2027,4.34,15,4.14,146,8,2,False,0.10466729513215281,0.33011320016222895,4.491091391787111,18.25,4.83,4.11,Second Class Upper,Low
STU_0013,"University of Nigeria, Nsukka",Medical Sciences,Medicine,Medicine and Surgery,5.0,5,500,9,2027/2028,4.83,14,4.2,160,9,1,False,0.11761385486882737,0.3801561999668853,4.513066872989719,17.77777777777778,3.12,4.11,Second Class Upper,Low
STU_0013,"University of Nigeria, Nsukka",Medical Sciences,Medicine,Medicine and Surgery,5.0,5,500,10,2027/2028,3.12,15,4.11,175,10,0,True,0.024131008073438067,0.5051730560885977,4.096496769829771,17.5,,4.11,Second Class Upper,Low
STU_0014,Ahmadu Bello University,Science,Physics,Physics with Electronics,5.0,4,100,1,2024/2025,4.96,22,4.96,22,1,7,False,0.0,0.0,4.958589955831708,22.0,4.21,4.09,Second Class Upper,Low
STU_0014,Ahmadu Bello University,Science,Physics,Physics with Electronics,5.0,4,100,2,2024/2025,4.21,19,4.61,41,2,6,False,-0.7479740438341578,0.5288975185466569,4.5846029339146295,20.5,4.2,4.09,Second Class Upper,Low
STU_0014,Ahmadu Bello University,Science,Physics,Physics with Electronics,5.0,4,200,3,2025/2026,4.2,20,4.48,61,3,5,False,-0.3779841295401929,0.43416914646714494,4.457275854860193,20.333333333333332,3.94,4.09,Second Class Upper,Low
STU_0014,Ahmadu Bello University,Science,Physics,Physics with Electronics,5.0,4,200,4,2025/2026,3.94,20,4.35,81,4,4,False,-0.3059122036866385,0.438363477263528,4.118261652457954,20.25,3.63,4.09,Second Class Upper,Low
STU_0014,Ahmadu Bello University,Science,Physics,Physics with Electronics,5.0,4,300,5,2026/2027,3.63,19,4.21,100,5,3,False,-0.29208562139425875,0.4908227986771855,3.925621725307669,20.0,3.78,4.09,Second Class Upper,Low
STU_0014,Ahmadu Bello University,Science,Physics,Physics with Electronics,5.0,4,300,6,2026/2027,3.78,16,4.15,116,6,2,False,-0.22602159526565613,0.4703883713257719,3.7832163355465265,19.333333333333332,3.82,4.09,Second Class Upper,Low
STU_0014,Ahmadu Bello University,Science,Physics,Physics with Electronics,5.0,4,400,7,2027/2028,3.82,17,4.11,133,7,1,False,-0.17379809156377002,0.44447736240990876,3.741563845890808,19.0,3.98,4.09,Second Class Upper,Low
STU_0014,Ahmadu Bello University,Science,Physics,Physics with Electronics,5.0,4,400,8,2027/2028,3.98,16,4.09,149,8,0,True,-0.12382167990963688,0.41288823575698536,3.85779553885332,18.625,,4.09,Second Class Upper,Low
STU_0015,University of Ibadan,Arts,History,History,5.0,5,100,1,2020/2021,4.26,21,4.26,21,1,9,False,0.0,0.0,4.260351771722773,21.0,3.77,3.72,Second Class Upper,Low
STU_0015,University of Ibadan,Arts,History,History,5.0,5,100,2,2020/2021,3.77,22,4.01,43,2,8,False,-0.4881880252819739,0.34520106317095345,4.016257759081785,21.5,3.87,3.72,Second Class Upper,Low
STU_0015,University of Ibadan,Arts,History,History,5.0,5,200,3,2021/2022,3.87,21,3.97,64,3,7,False,-0.194133391466772,0.2578962638448292,3.9682001689842665,21.333333333333332,3.44,3.72,Second Class Upper,Low
STU_0015,University of Ibadan,Arts,History,History,5.0,5,200,4,2021/2022,3.44,22,3.83,86,4,6,False,-0.23582652810116816,0.33739717809929315,3.6950683330553655,21.5,4.46,3.72,Second Class Upper,Low
STU_0015,University of Ibadan,Arts,History,History,5.0,5,300,5,2022/2023,4.46,15,3.92,101,5,5,False,0.007126554014556285,0.4044161499629331,3.924876511924406,20.2,3.67,3.72,Second Class Upper,Low
STU_0015,University of Ibadan,Arts,History,History,5.0,5,300,6,2022/2023,3.67,15,3.89,116,6,4,False,-0.03729661785537915,0.3805499694220257,3.8581303389084893,19.333333333333332,3.58,3.72,Second Class Upper,Low
STU_0015,University of Ibadan,Arts,History,History,5.0,5,400,7,2023/2024,3.58,15,3.86,131,7,3,False,-0.05860816204700684,0.36903501614256995,3.905718032817808,18.714285714285715,2.82,3.72,Second Class Upper,Low
STU_0015,University of Ibadan,Arts,History,History,5.0,5,400,8,2023/2024,2.82,16,3.74,147,8,2,False,-0.12645411724820696,0.5041553921755789,3.3576944191887534,18.375,3.88,3.72,Second Class Upper,Low
STU_0015,University of Ibadan,Arts,History,History,5.0,5,500,9,2024/2025,3.88,17,3.76,164,9,1,False,-0.078805402237567,0.47408794926833125,3.4273175081017766,18.22222222222222,3.21,3.72,Second Class Upper,Low
STU_0015,University of Ibadan,Arts,History,History,5.0,5,500,10,2024/2025,3.21,13,3.72,177,10,0,True,-0.08662063720008524,0.4781798059499129,3.3040476217129378,17.7,,3.72,Second Class Upper,Low
STU_0016,Ahmadu Bello University,Medical Sciences,Physiotherapy,Physiotherapy,5.0,4,100,1,2021/2022,5.0,22,5.0,22,1,7,False,0.0,0.0,5.0,22.0,4.21,4.23,Second Class Upper,Low
STU_0016,Ahmadu Bello University,Medical Sciences,Physiotherapy,Physiotherapy,5.0,4,100,2,2021/2022,4.21,19,4.63,41,2,6,False,-0.7895550365119393,0.5582997204375844,4.605222481744031,20.5,4.03,4.23,Second Class Upper,Low
STU_0016,Ahmadu Bello University,Medical Sciences,Physiotherapy,Physiotherapy,5.0,4,200,3,2022/2023,4.03,19,4.44,60,3,5,False,-0.4870256445865975,0.5173992553897777,4.412131224771621,20.0,4.22,4.23,Second Class Upper,Low
STU_0016,Ahmadu Bello University,Medical Sciences,Physiotherapy,Physiotherapy,5.0,4,200,4,2022/2023,4.22,19,4.39,79,4,4,False,-0.25288759097470204,0.433402091017353,4.151644596206537,19.75,4.02,4.23,Second Class Upper,Low
STU_0016,Ahmadu Bello University,Medical Sciences,Physiotherapy,Physiotherapy,5.0,4,300,5,2023/2024,4.02,16,4.33,95,5,3,False,-0.19480742167860132,0.4052726937553843,4.0888013804434005,19.0,3.84,4.23,Second Class Upper,Low
STU_0016,Ahmadu Bello University,Medical Sciences,Physiotherapy,Physiotherapy,5.0,4,300,6,2023/2024,3.84,18,4.25,113,6,2,False,-0.1757737758448568,0.40660178479674813,4.028212835755819,18.833333333333332,4.21,4.23,Second Class Upper,Low
STU_0016,Ahmadu Bello University,Medical Sciences,Physiotherapy,Physiotherapy,5.0,4,400,7,2024/2025,4.21,15,4.25,128,7,1,False,-0.11043571234717883,0.37118053211478497,4.02696137791592,18.285714285714285,4.09,4.23,Second Class Upper,Low
STU_0016,Ahmadu Bello University,Medical Sciences,Physiotherapy,Physiotherapy,5.0,4,400,8,2024/2025,4.09,16,4.23,144,8,0,True,-0.08463818610047899,0.34680908828636614,4.048732947819663,18.0,,4.23,Second Class Upper,Low
STU_0017,Obafemi Awolowo University,Engineering,Mechanical,Mechanical Engineering,5.0,4,100,1,2022/2023,3.18,21,3.18,21,1,7,False,0.0,0.0,3.179990566397347,21.0,2.98,2.97,Second Class Lower,Low
STU_0017,Obafemi Awolowo University,Engineering,Mechanical,Mechanical Engineering,5.0,4,100,2,2022/2023,2.98,20,3.08,41,2,6,False,-0.20153508225031702,0.14250682330618777,3.0792230252721886,20.5,3.09,2.97,Second Class Lower,Low
STU_0017,Obafemi Awolowo University,Engineering,Mechanical,Mechanical Engineering,5.0,4,200,3,2023/2024,3.09,20,3.08,61,3,5,False,-0.045267463566953436,0.10094057397354395,3.0826338966026054,20.333333333333332,3.12,2.97,Second Class Lower,Low
STU_0017,Obafemi Awolowo University,Engineering,Mechanical,Mechanical Engineering,5.0,4,200,4,2023/2024,3.12,19,3.09,80,4,4,False,-0.006164960279863241,0.08478685430071209,3.063450590167601,20.0,2.73,2.97,Second Class Lower,Low
STU_0017,Obafemi Awolowo University,Engineering,Mechanical,Mechanical Engineering,5.0,4,300,5,2024/2025,2.73,16,3.03,96,5,3,False,-0.0747396965755914,0.1762537696992396,2.982065262800837,19.2,2.76,2.97,Second Class Lower,Low
STU_0017,Obafemi Awolowo University,Engineering,Mechanical,Mechanical Engineering,5.0,4,300,6,2024/2025,2.76,15,3.0,111,6,2,False,-0.08005070026348433,0.19036885582984417,2.8720908004621415,18.5,3.04,2.97,Second Class Lower,Low
STU_0017,Obafemi Awolowo University,Engineering,Mechanical,Mechanical Engineering,5.0,4,400,7,2025/2026,3.04,16,3.0,127,7,1,False,-0.043630178977123006,0.17524330471729102,2.8436471724145473,18.142857142857142,2.77,2.97,Second Class Lower,Low
STU_0017,Obafemi Awolowo University,Engineering,Mechanical,Mechanical Engineering,5.0,4,400,8,2025/2026,2.77,18,2.97,145,8,0,True,-0.046890336875721986,0.1789649065977086,2.856299032651446,18.125,,2.97,Second Class Lower,Medium
STU_0018,Ahmadu Bello University,Engineering,Computer,Computer Engineering,5.0,4,100,1,2023/2024,3.7,20,3.7,20,1,7,False,0.0,0.0,3.697226885536268,20.0,4.11,3.6,Second Class Upper,Low
STU_0018,Ahmadu Bello University,Engineering,Computer,Computer Engineering,5.0,4,100,2,2023/2024,4.11,18,3.89,38,2,6,False,0.4134856420793449,0.29237850143757843,3.9039697065759404,19.0,3.78,3.6,Second Class Upper,Low
STU_0018,Ahmadu Bello University,Engineering,Computer,Computer Engineering,5.0,4,200,3,2024/2025,3.78,18,3.86,56,3,5,False,0.04247532553126754,0.21837362082912395,3.863372316583561,18.666666666666668,3.56,3.6,Second Class Upper,Low
STU_0018,Ahmadu Bello University,Engineering,Computer,Computer Engineering,5.0,4,200,4,2024/2025,3.56,22,3.77,78,4,4,False,-0.07267174815628792,0.23264267795618968,3.819129817633998,19.5,3.6,3.6,Second Class Upper,Low
STU_0018,Ahmadu Bello University,Engineering,Computer,Computer Engineering,5.0,4,300,5,2025/2026,3.6,18,3.74,96,5,3,False,-0.0733538188841909,0.21781552491337303,3.6500804286219037,19.2,2.78,3.6,Second Class Upper,Low
STU_0018,Ahmadu Bello University,Engineering,Computer,Computer Engineering,5.0,4,300,6,2025/2026,2.78,17,3.6,113,6,2,False,-0.18021284361161238,0.44062413737840456,3.3172084197753016,18.833333333333332,3.63,3.6,Second Class Upper,Low
STU_0018,Ahmadu Bello University,Engineering,Computer,Computer Engineering,5.0,4,400,7,2026/2027,3.63,17,3.6,130,7,1,False,-0.10802264632795255,0.4025616387423812,3.340148820274869,18.571428571428573,3.57,3.6,Second Class Upper,Low
STU_0018,Ahmadu Bello University,Engineering,Computer,Computer Engineering,5.0,4,400,8,2026/2027,3.57,18,3.6,148,8,0,True,-0.07434614542739829,0.37283084918548703,3.3284490228306516,18.5,,3.6,Second Class Upper,Low
STU_0019,University of Ibadan,Arts,Linguistics,Linguistics,5.0,6,100,1,2024/2025,3.06,18,3.06,18,1,11,False,0.0,0.0,3.062183847160129,18.0,3.27,2.94,Second Class Lower,Low
STU_0019,University of Ibadan,Arts,Linguistics,Linguistics,5.0,6,100,2,2024/2025,3.27,20,3.17,38,2,10,False,0.20466146818710573,0.14471751200269733,3.1645145812536817,19.0,3.07,2.94,Second Class Lower,Low
STU_0019,University of Ibadan,Arts,Linguistics,Linguistics,5.0,6,200,3,2025/2026,3.07,22,3.13,60,3,9,False,0.005593699888743364,0.11506787100175048,3.134133469814993,20.0,3.07,2.94,Second Class Lower,Low
STU_0019,University of Ibadan,Arts,Linguistics,Linguistics,5.0,6,200,4,2025/2026,3.07,20,3.12,80,4,8,False,-0.015827666403640972,0.09865902416667223,3.1380442925231278,20.0,2.96,2.94,Second Class Lower,Low
STU_0019,University of Ibadan,Arts,Linguistics,Linguistics,5.0,6,300,5,2026/2027,2.96,15,3.09,95,5,7,False,-0.03995581979147844,0.11150626354693764,3.035385603485412,19.0,2.85,2.94,Second Class Lower,Low
STU_0019,University of Ibadan,Arts,Linguistics,Linguistics,5.0,6,300,6,2026/2027,2.85,17,3.06,112,6,6,False,-0.056045709495480205,0.13768091994146459,2.9624420236029643,18.666666666666668,3.08,2.94,Second Class Lower,Low
STU_0019,University of Ibadan,Arts,Linguistics,Linguistics,5.0,6,400,7,2027/2028,3.08,19,3.06,131,7,5,False,-0.03203948925429133,0.12612645437385425,2.963198524861196,18.714285714285715,2.48,2.94,Second Class Lower,Low
STU_0019,University of Ibadan,Arts,Linguistics,Linguistics,5.0,6,400,8,2027/2028,2.48,17,2.99,148,8,4,False,-0.06875473127849559,0.2325265549699441,2.80475288355268,18.5,2.9,2.94,Second Class Lower,Medium
STU_0019,University of Ibadan,Arts,Linguistics,Linguistics,5.0,6,500,9,2028/2029,2.9,16,2.98,164,9,3,False,-0.05372566052937579,0.21930180508559474,2.8189794972680127,18.22222222222222,2.85,2.94,Second Class Lower,Medium
STU_0019,University of Ibadan,Arts,Linguistics,Linguistics,5.0,6,500,10,2028/2029,2.85,15,2.97,179,10,2,False,-0.04562341370807643,0.2102181608866961,2.744172408461248,17.9,2.83,2.94,Second Class Lower,Medium
STU_0019,University of Ibadan,Arts,Linguistics,Linguistics,5.0,6,500,11,2029/2030,2.83,16,2.96,195,11,1,False,-0.040118486587402656,0.20323540199958953,2.85966915826843,17.727272727272727,2.59,2.94,Second Class Lower,Medium
STU_0019,University of Ibadan,Arts,Linguistics,Linguistics,5.0,6,500,12,2029/2030,2.59,15,2.94,210,12,0,True,-0.044669377209499844,0.21975391846327325,2.7569313835090234,17.5,,2.94,Second Class Lower,Medium
STU_0020,Obafemi Awolowo University,Social Sciences,Psychology,Psychology,5.0,5,100,1,2020/2021,4.5,19,4.5,19,1,9,False,0.0,0.0,4.500337319651547,19.0,3.94,4.14,Second Class Upper,Low
STU_0020,Obafemi Awolowo University,Social Sciences,Psychology,Psychology,5.0,5,100,2,2020/2021,3.94,22,4.2,41,2,8,False,-0.5616473114137044,0.397144622535823,4.219513663944695,20.5,4.28,4.14,Second Class Upper,Low
STU_0020,Obafemi Awolowo University,Social Sciences,Psychology,Psychology,5.0,5,200,3,2021/2022,4.28,21,4.23,62,3,7,False,-0.10885916050481681,0.2831772472503926,4.240548775510434,20.666666666666668,4.26,4.14,Second Class Upper,Low
STU_0020,Obafemi Awolowo University,Social Sciences,Psychology,Psychology,5.0,5,200,4,2021/2022,4.26,19,4.23,81,4,6,False,-0.03790332080566801,0.23140427754678677,4.160219642348129,20.25,3.47,4.14,Second Class Upper,Low
STU_0020,Obafemi Awolowo University,Social Sciences,Psychology,Psychology,5.0,5,300,5,2022/2023,3.47,15,4.12,96,5,5,False,-0.17337821719677288,0.39924774509866784,4.005028398836944,19.2,4.25,4.14,Second Class Upper,Low
STU_0020,Obafemi Awolowo University,Social Sciences,Psychology,Psychology,5.0,5,300,6,2022/2023,4.25,17,4.14,113,6,4,False,-0.07581812336409614,0.36322934466166656,3.9953582359957935,18.833333333333332,4.4,4.14,Second Class Upper,Low
STU_0020,Obafemi Awolowo University,Social Sciences,Psychology,Psychology,5.0,5,400,7,2023/2024,4.4,19,4.17,132,7,3,False,-0.0168641152714152,0.3486253134594646,4.043184090222184,18.857142857142858,4.34,4.14,Second Class Upper,Low
STU_0020,Obafemi Awolowo University,Social Sciences,Psychology,Psychology,5.0,5,400,8,2023/2024,4.34,19,4.2,151,8,2,False,0.004284326486840692,0.32941831479649303,4.333803540390105,18.875,3.4,4.14,Second Class Upper,Low
STU_0020,Obafemi Awolowo University,Social Sciences,Psychology,Psychology,5.0,5,500,9,2024/2025,3.4,15,4.12,166,9,1,False,-0.04894180629074722,0.4029865145794125,4.050209993925044,18.444444444444443,4.35,4.14,Second Class Upper,Low
STU_0020,Obafemi Awolowo University,Social Sciences,Psychology,Psychology,5.0,5,500,10,2024/2025,4.35,13,4.14,179,10,0,True,-0.02197406824276604,0.3880578283760043,4.030958111167003,17.9,,4.14,Second Class Upper,Low
STU_0021,"University of Nigeria, Nsukka",Engineering,Chemical,Chemical Engineering,5.0,6,100,1,2021/2022,4.44,21,4.44,21,1,11,False,0.0,0.0,4.438609657995503,21.0,3.23,4.23,Second Class Upper,Low
STU_0021,"University of Nigeria, Nsukka",Engineering,Chemical,Chemical Engineering,5.0,6,100,2,2021/2022,3.23,21,3.83,42,2,10,False,-1.2112366327847228,0.8564736366636376,3.8329913416031416,21.0,3.95,4.23,Second Class Upper,Low
STU_0021,"University of Nigeria, Nsukka",Engineering,Chemical,Chemical Engineering,5.0,6,200,3,2022/2023,3.95,19,3.87,61,3,9,False,-0.24318084375686766,0.6095196958757088,3.8727435512293504,20.333333333333332,4.47,4.23,Second Class Upper,Low
STU_0021,"University of Nigeria, Nsukka",Engineering,Chemical,Chemical Engineering,5.0,6,200,4,2022/2023,4.47,19,4.01,80,4,8,False,0.08318726889181978,0.5814949408841308,3.8846321894123736,20.0,4.65,4.23,Second Class Upper,Low
STU_0021,"University of Nigeria, Nsukka",Engineering,Chemical,Chemical Engineering,5.0,6,300,5,2023/2024,4.65,15,4.11,95,5,7,False,0.1677629600485595,0.5772311220997324,4.360165575865914,19.0,4.22,4.23,Second Class Upper,Low
STU_0021,"University of Nigeria, Nsukka",Engineering,Chemical,Chemical Engineering,5.0,6,300,6,2023/2024,4.22,15,4.13,110,6,6,False,0.10644521887930437,0.5171758673368502,4.450536443745892,18.333333333333332,4.68,4.23,Second Class Upper,Low
STU_0021,"University of Nigeria, Nsukka",Engineering,Chemical,Chemical Engineering,5.0,6,400,7,2024/2025,4.68,18,4.21,128,7,5,False,0.12250325885445232,0.5117453811592214,4.520469020675446,18.285714285714285,4.17,4.23,Second Class Upper,Low
STU_0021,"University of Nigeria, Nsukka",Engineering,Chemical,Chemical Engineering,5.0,6,400,8,2024/2025,4.17,16,4.2,144,8,4,False,0.07603616049584357,0.47438646415595515,4.358705019821191,18.0,4.33,4.23,Second Class Upper,Low
STU_0021,"University of Nigeria, Nsukka",Engineering,Chemical,Chemical Engineering,5.0,6,500,9,2025/2026,4.33,14,4.21,158,9,3,False,0.06012331313899961,0.44508624228987365,4.394682935334654,17.555555555555557,4.46,4.23,Second Class Upper,Low
STU_0021,"University of Nigeria, Nsukka",Engineering,Chemical,Chemical Engineering,5.0,6,500,10,2025/2026,4.46,17,4.24,175,10,2,False,0.05556381374966655,0.425206389185256,4.31877407433264,17.5,4.28,4.23,Second Class Upper,Low
STU_0021,"University of Nigeria, Nsukka",Engineering,Chemical,Chemical Engineering,5.0,6,500,11,2026/2027,4.28,16,4.24,191,11,1,False,0.04237186573011103,0.40341284664823435,4.354680903769303,17.363636363636363,4.09,4.23,Second Class Upper,Low
STU_0021,"University of Nigeria, Nsukka",Engineering,Chemical,Chemical Engineering,5.0,6,500,12,2026/2027,4.09,13,4.23,204,12,0,True,0.026116233928557785,0.3876994264604922,4.275584906715839,17.0,,4.23,Second Class Upper,Low
STU_0022,Obafemi Awolowo University,Engineering,Chemical,Chemical Engineering,5.0,6,100,1,2022/2023,3.05,21,3.05,21,1,11,False,0.0,0.0,3.048846328284607,21.0,2.72,2.49,Second Class Lower,Low
STU_0022,Obafemi Awolowo University,Engineering,Chemical,Chemical Engineering,5.0,6,100,2,2022/2023,2.72,20,2.89,41,2,10,False,-0.3274588203883697,0.23154835245596392,2.8851169180904224,20.5,1.43,2.49,Second Class Lower,Medium
STU_0022,Obafemi Awolowo University,Engineering,Chemical,Chemical Engineering,5.0,6,200,3,2023/2024,1.43,19,2.43,60,3,9,False,-0.8096934267668275,0.8562243770642541,2.399897770310599,20.0,2.93,2.49,Second Class Lower,High
STU_0022,Obafemi Awolowo University,Engineering,Chemical,Chemical Engineering,5.0,6,200,4,2023/2024,2.93,20,2.55,80,4,8,False,-0.1646519830868406,0.7477773885055802,2.3604986816746965,20.0,2.26,2.49,Second Class Lower,Medium
STU_0022,Obafemi Awolowo University,Engineering,Chemical,Chemical Engineering,5.0,6,300,5,2024/2025,2.26,19,2.5,99,5,7,False,-0.13589450883600565,0.6585789226013835,2.2082838479973668,19.8,2.47,2.49,Second Class Lower,Medium
STU_0022,Obafemi Awolowo University,Engineering,Chemical,Chemical Engineering,5.0,6,300,6,2024/2025,2.47,18,2.49,117,6,6,False,-0.07836928965543045,0.5890544424451738,2.5564673843439154,19.5,1.54,2.49,Second Class Lower,Medium
STU_0022,Obafemi Awolowo University,Engineering,Chemical,Chemical Engineering,5.0,6,400,7,2025/2026,1.54,16,2.38,133,7,5,False,-0.14896524194588281,0.6430863008247099,2.0945825331590693,19.0,2.9,2.49,Second Class Lower,Medium
STU_0022,Obafemi Awolowo University,Engineering,Chemical,Chemical Engineering,5.0,6,400,8,2025/2026,2.9,17,2.44,150,8,4,False,-0.05327359551165339,0.6266008048996577,2.3054377927174845,18.75,2.59,2.49,Second Class Lower,Medium
STU_0022,Obafemi Awolowo University,Engineering,Chemical,Chemical Engineering,5.0,6,500,9,2026/2027,2.59,16,2.45,166,9,3,False,-0.02525396954563896,0.5892135107461595,2.345597116280102,18.444444444444443,2.7,2.49,Second Class Lower,Medium
STU_0022,Obafemi Awolowo University,Engineering,Chemical,Chemical Engineering,5.0,6,500,10,2026/2027,2.7,13,2.47,179,10,2,False,-0.0038188981323355395,0.5618817187628767,2.730830241726173,17.9,2.88,2.49,Second Class Lower,Medium
STU_0022,Obafemi Awolowo University,Engineering,Chemical,Chemical Engineering,5.0,6,500,11,2027/2028,2.88,15,2.5,194,11,1,False,0.016141091419768896,0.5477524656479723,2.724651946617973,17.636363636363637,2.29,2.49,Second Class Lower,Medium
STU_0022,Obafemi Awolowo University,Engineering,Chemical,Chemical Engineering,5.0,6,500,12,2027/2028,2.29,14,2.49,208,12,0,True,0.004375451158433019,0.5257368494761294,2.623025428977944,17.333333333333332,,2.49,Second Class Lower,Medium
STU_0023,University of Lagos,Medical Sciences,Physiotherapy,Physiotherapy,5.0,6,100,1,2023/2024,2.44,21,2.44,21,1,11,False,0.0,0.0,2.4413886734556756,21.0,2.39,2.32,Third Class,Medium
STU_0023,University of Lagos,Medical Sciences,Physiotherapy,Physiotherapy,5.0,6,100,2,2023/2024,2.39,18,2.42,39,2,10,False,-0.05133742399303243,0.03630104063412219,2.4157199614591596,19.5,2.48,2.32,Third Class,Medium
STU_0023,University of Lagos,Medical Sciences,Physiotherapy,Physiotherapy,5.0,6,200,3,2024/2025,2.48,20,2.44,59,3,9,False,0.017698065547428143,0.04361025639477572,2.4360749091562837,19.666666666666668,2.34,2.32,Third Class,Medium
STU_0023,University of Lagos,Medical Sciences,Physiotherapy,Physiotherapy,5.0,6,200,4,2024/2025,2.34,20,2.41,79,4,8,False,-0.02316558921737024,0.06171605976510264,2.4006983039049956,19.75,2.58,2.32,Third Class,Medium
STU_0023,University of Lagos,Medical Sciences,Physiotherapy,Physiotherapy,5.0,6,300,5,2025/2026,2.58,18,2.44,97,5,7,False,0.02176985903025943,0.09175321001738466,2.463225942246577,19.4,2.21,2.32,Third Class,Medium
STU_0023,University of Lagos,Medical Sciences,Physiotherapy,Physiotherapy,5.0,6,300,6,2025/2026,2.21,18,2.41,115,6,6,False,-0.02086896438925136,0.12568090070192783,2.374651461758338,19.166666666666668,2.39,2.32,Third Class,Medium
STU_0023,University of Lagos,Medical Sciences,Physiotherapy,Physiotherapy,5.0,6,400,7,2026/2027,2.39,19,2.4,134,7,5,False,-0.014624675775792644,0.11486601848054749,2.3930991215756934,19.142857142857142,2.15,2.32,Third Class,Medium
STU_0023,University of Lagos,Medical Sciences,Physiotherapy,Physiotherapy,5.0,6,400,8,2026/2027,2.15,19,2.37,153,8,4,False,-0.031238770848935678,0.14007603040026564,2.2490165925575893,19.125,2.37,2.32,Third Class,Medium
STU_0023,University of Lagos,Medical Sciences,Physiotherapy,Physiotherapy,5.0,6,500,9,2027/2028,2.37,17,2.37,170,9,3,False,-0.021802551684155156,0.1310295264284444,2.302659391384935,18.88888888888889,2.27,2.32,Third Class,Medium
STU_0023,University of Lagos,Medical Sciences,Physiotherapy,Physiotherapy,5.0,6,500,10,2027/2028,2.27,14,2.36,184,10,2,False,-0.021428372918266155,0.12768954194781376,2.262117370018211,18.4,1.81,2.32,Third Class,Medium
STU_0023,University of Lagos,Medical Sciences,Physiotherapy,Physiotherapy,5.0,6,500,11,2028/2029,1.81,16,2.32,200,11,1,False,-0.04109595739414788,0.20549568111779587,2.1504453096989775,18.181818181818183,2.25,2.32,Third Class,Medium
STU_0023,University of Lagos,Medical Sciences,Physiotherapy,Physiotherapy,5.0,6,500,12,2028/2029,2.25,14,2.32,214,12,0,True,-0.033898152399349284,0.19668217418575462,2.1102591018711006,17.833333333333332,,2.32,Third Class,Medium
STU_0024,Obafemi Awolowo University,Engineering,Chemical,Chemical Engineering,5.0,4,100,1,2024/2025,3.69,19,3.69,19,1,7,False,0.0,0.0,3.68928271751048,19.0,3.57,3.1,Second Class Lower,Low
STU_0024,Obafemi Awolowo University,Engineering,Chemical,Chemical Engineering,5.0,4,100,2,2024/2025,3.57,18,3.63,37,2,6,False,-0.11993115663201515,0.0848041341300439,3.6293171391944723,18.5,3.0,3.1,Second Class Lower,Low
STU_0024,Obafemi Awolowo University,Engineering,Chemical,Chemical Engineering,5.0,4,200,3,2025/2026,3.0,20,3.41,57,3,5,False,-0.34599392614038327,0.3697926295172762,3.418643047872886,19.0,3.02,3.1,Second Class Lower,Low
STU_0024,Obafemi Awolowo University,Engineering,Chemical,Chemical Engineering,5.0,4,200,4,2025/2026,3.02,21,3.3,78,4,4,False,-0.2588294194681805,0.36256421492278856,3.1946166590914356,19.5,3.43,3.1,Second Class Lower,Low
STU_0024,Obafemi Awolowo University,Engineering,Chemical,Chemical Engineering,5.0,4,300,5,2026/2027,3.43,17,3.33,95,5,3,False,-0.10637809579364466,0.31818710747945017,3.1493215532647554,19.0,3.04,3.1,Second Class Lower,Low
STU_0024,Obafemi Awolowo University,Engineering,Chemical,Chemical Engineering,5.0,4,300,6,2026/2027,3.04,16,3.28,111,6,2,False,-0.10438960126041891,0.31067739418702023,3.1622582521842806,18.5,3.26,3.1,Second Class Lower,Low
STU_0024,Obafemi Awolowo University,Engineering,Chemical,Chemical Engineering,5.0,4,400,7,2027/2028,3.26,18,3.28,129,7,1,False,-0.06873932496844848,0.28387635269053585,3.2424647210207405,18.428571428571427,1.69,3.1,Second Class Lower,Low
STU_0024,Obafemi Awolowo University,Engineering,Chemical,Chemical Engineering,5.0,4,400,8,2027/2028,1.69,17,3.1,146,8,0,True,-0.1788795402948064,0.622680410506163,2.6610258623315692,18.25,,3.1,Second Class Lower,Medium
STU_0025,University of Ibadan,Science,Physics,Physics with Electronics,5.0,5,100,1,2020/2021,3.2,18,3.2,18,1,9,False,0.0,0.0,3.2029880643014783,18.0,3.2,3.3,Second Class Lower,Low
STU_0025,University of Ibadan,Science,Physics,Physics with Electronics,5.0,5,100,2,2020/2021,3.2,19,3.2,37,2,8,False,-0.0006007454997201123,0.00042479121661939255,3.2026876915516183,18.5,3.48,3.3,Second Class Lower,Low
STU_0025,University of Ibadan,Science,Physics,Physics with Electronics,5.0,5,200,3,2021/2022,3.48,19,3.3,56,3,7,False,0.13668063393423013,0.15799890739841344,3.293908238424392,18.666666666666668,3.23,3.3,Second Class Lower,Low
STU_0025,University of Ibadan,Science,Physics,Physics with Electronics,5.0,5,200,4,2021/2022,3.23,18,3.28,74,4,6,False,0.036010325553781766,0.1327020963453531,3.3034794875543514,18.5,3.13,3.3,Second Class Lower,Low
STU_0025,University of Ibadan,Science,Physics,Physics with Electronics,5.0,5,300,5,2022/2023,3.13,19,3.25,93,5,5,False,-0.012444702455404721,0.13357902621356152,3.278052816480317,18.6,2.91,3.3,Second Class Lower,Low
STU_0025,University of Ibadan,Science,Physics,Physics with Electronics,5.0,5,300,6,2022/2023,2.91,16,3.2,109,6,4,False,-0.055722621878537854,0.1832294907029596,3.088478780150568,18.166666666666668,3.68,3.3,Second Class Lower,Low
STU_0025,University of Ibadan,Science,Physics,Physics with Electronics,5.0,5,400,7,2023/2024,3.68,16,3.26,125,7,3,False,0.01723666251074948,0.24841355034698365,3.2369507274798752,17.857142857142858,3.17,3.3,Second Class Lower,Low
STU_0025,University of Ibadan,Science,Physics,Physics with Electronics,5.0,5,400,8,2023/2024,3.17,16,3.25,141,8,2,False,0.0036318984936826223,0.2323908089473465,3.2503485342995866,17.625,3.55,3.3,Second Class Lower,Low
STU_0025,University of Ibadan,Science,Physics,Physics with Electronics,5.0,5,500,9,2024/2025,3.55,16,3.28,157,9,1,False,0.022499656435375312,0.2391906668040739,3.463866907165133,17.444444444444443,3.49,3.3,Second Class Lower,Low
STU_0025,University of Ibadan,Science,Physics,Physics with Electronics,5.0,5,500,10,2024/2025,3.49,13,3.3,170,10,0,True,0.027869173364521438,0.235169749079762,3.4025023785357913,17.0,,3.3,Second Class Lower,Low
STU_0026,Ahmadu Bello University,Medical Sciences,Physiotherapy,Physiotherapy,5.0,4,100,1,2021/2022,3.95,21,3.95,21,1,7,False,0.0,0.0,3.9549573306151946,21.0,4.33,4.2,Second Class Upper,Low
STU_0026,Ahmadu Bello University,Medical Sciences,Physiotherapy,Physiotherapy,5.0,4,100,2,2021/2022,4.33,19,4.14,40,2,6,False,0.3794051032222492,0.2682799213052344,4.144659882226319,20.0,3.64,4.2,Second Class Upper,Low
STU_0026,Ahmadu Bello University,Medical Sciences,Physiotherapy,Physiotherapy,5.0,4,200,3,2022/2023,3.64,18,3.98,58,3,5,False,-0.1550524294319915,0.3453349204415654,3.9780574120679497,19.333333333333332,4.47,4.2,Second Class Upper,Low
STU_0026,Ahmadu Bello University,Medical Sciences,Physiotherapy,Physiotherapy,5.0,4,200,4,2022/2023,4.47,22,4.12,80,4,4,False,0.08585019595945638,0.3744899197309434,4.15005873669915,20.0,4.83,4.2,Second Class Upper,Low
STU_0026,Ahmadu Bello University,Medical Sciences,Physiotherapy,Physiotherapy,5.0,4,300,5,2023/2024,4.83,16,4.24,96,5,3,False,0.18951060683402393,0.46110582518054405,4.316674901903215,19.2,3.74,4.2,Second Class Upper,Low
STU_0026,Ahmadu Bello University,Medical Sciences,Physiotherapy,Physiotherapy,5.0,4,300,6,2023/2024,3.74,15,4.17,111,6,2,False,0.036009509058714216,0.4612628983831263,4.349021754688597,18.5,4.62,4.2,Second Class Upper,Low
STU_0026,Ahmadu Bello University,Medical Sciences,Physiotherapy,Physiotherapy,5.0,4,400,7,2024/2025,4.62,17,4.23,128,7,1,False,0.07184373374406293,0.4556263490570555,4.400043196123565,18.285714285714285,4.02,4.2,Second Class Upper,Low
STU_0026,Ahmadu Bello University,Medical Sciences,Physiotherapy,Physiotherapy,5.0,4,400,8,2024/2025,4.02,19,4.2,147,8,0,True,0.030134702876233613,0.4285056839711635,4.127369509212706,18.375,,4.2,Second Class Upper,Low
STU_0027,Obafemi Awolowo University,Science,Biology,Cell Biology,5.0,5,100,1,2022/2023,3.59,20,3.59,20,1,9,False,0.0,0.0,3.5930198809859535,20.0,3.27,3.29,Second Class Lower,Low
STU_0027,Obafemi Awolowo University,Science,Biology,Cell Biology,5.0,5,100,2,2022/2023,3.27,21,3.43,41,2,8,False,-0.3259347721933774,0.23047068764242973,3.4300524948892646,20.5,3.77,3.29,Second Class Lower,Low
STU_0027,Obafemi Awolowo University,Science,Biology,Cell Biology,5.0,5,200,3,2023/2024,3.77,19,3.53,60,3,7,False,0.08797191851085673,0.2546474189601333,3.5430229025953985,20.0,3.54,3.29,Second Class Lower,Low
STU_0027,Obafemi Awolowo University,Science,Biology,Cell Biology,5.0,5,200,4,2023/2024,3.54,21,3.54,81,4,6,False,0.03368208942563635,0.20793391040361142,3.5246831564888734,20.25,3.23,3.29,Second Class Lower,Low
STU_0027,Obafemi Awolowo University,Science,Biology,Cell Biology,5.0,5,300,5,2024/2025,3.23,16,3.48,97,5,5,False,-0.04580040250678001,0.2281384182259344,3.5118414873963992,19.4,3.17,3.29,Second Class Lower,Low
STU_0027,Obafemi Awolowo University,Science,Biology,Cell Biology,5.0,5,300,6,2024/2025,3.17,19,3.43,116,6,4,False,-0.07065246447951938,0.24040757904704638,3.311440331081853,19.333333333333332,3.33,3.29,Second Class Lower,Low
STU_0027,Obafemi Awolowo University,Science,Biology,Cell Biology,5.0,5,400,7,2025/2026,3.33,17,3.42,133,7,3,False,-0.05476597963289304,0.22262881483124883,3.241514066769334,19.0,3.01,3.29,Second Class Lower,Low
STU_0027,Obafemi Awolowo University,Science,Biology,Cell Biology,5.0,5,400,8,2025/2026,3.01,19,3.37,152,8,2,False,-0.07008031458989034,0.25053477916427697,3.1687445083905597,19.0,2.63,3.29,Second Class Lower,Low
STU_0027,Obafemi Awolowo University,Science,Biology,Cell Biology,5.0,5,500,9,2026/2027,2.63,17,3.29,169,9,1,False,-0.09783156730878255,0.33822711043405457,2.989858647270728,18.77777777777778,3.28,3.29,Second Class Lower,Low
STU_0027,Obafemi Awolowo University,Science,Biology,Cell Biology,5.0,5,500,10,2026/2027,3.28,16,3.29,185,10,0,True,-0.07126402509062238,0.3188842602606173,2.9735694966183495,18.5,,3.29,Second Class Lower,Low
STU_0028,University of Lagos,Social Sciences,Sociology,Sociology,5.0,5,100,1,2023/2024,4.2,19,4.2,19,1,9,False,0.0,0.0,4.199200427597573,19.0,3.61,3.54,Second Class Upper,Low
STU_0028,University of Lagos,Social Sciences,Sociology,Sociology,5.0,5,100,2,2023/2024,3.61,21,3.89,40,2,8,False,-0.5884003875040191,0.4160619040568842,3.905000233845563,20.0,3.75,3.54,Second Class Upper,Low
STU_0028,University of Lagos,Social Sciences,Sociology,Sociology,5.0,5,200,3,2024/2025,3.75,19,3.84,59,3,7,False,-0.22519504099987575,0.3077101142319949,3.852936937762982,19.666666666666668,3.57,3.54,Second Class Upper,Low
STU_0028,University of Lagos,Social Sciences,Sociology,Sociology,5.0,5,200,4,2024/2025,3.57,20,3.77,79,4,6,False,-0.17528641602637304,0.28860293187399805,3.6428397748998713,19.75,3.9,3.54,Second Class Upper,Low
STU_0028,University of Lagos,Social Sciences,Sociology,Sociology,5.0,5,300,5,2025/2026,3.9,17,3.8,96,5,5,False,-0.06329024239728072,0.2558008480950525,3.7404713502532956,19.2,3.05,3.54,Second Class Upper,Low
STU_0028,University of Lagos,Social Sciences,Sociology,Sociology,5.0,5,300,6,2025/2026,3.05,17,3.69,113,6,4,False,-0.14375119818873744,0.3832404108929051,3.508596397040076,18.833333333333332,3.54,3.54,Second Class Upper,Low
STU_0028,University of Lagos,Social Sciences,Sociology,Sociology,5.0,5,400,7,2026/2027,3.54,17,3.67,130,7,3,False,-0.10525938765233375,0.35404996496704527,3.497924874730902,18.571428571428573,3.43,3.54,Second Class Upper,Low
STU_0028,University of Lagos,Social Sciences,Sociology,Sociology,5.0,5,400,8,2026/2027,3.43,19,3.64,149,8,2,False,-0.08969523543442597,0.33808905459346905,3.3386752054667124,18.625,3.27,3.54,Second Class Upper,Low
STU_0028,University of Lagos,Social Sciences,Sociology,Sociology,5.0,5,500,9,2027/2028,3.27,15,3.6,164,9,1,False,-0.08715939814114178,0.33892025019078365,3.4093930490809043,18.22222222222222,2.93,3.54,Second Class Upper,Low
STU_0028,University of Lagos,Social Sciences,Sociology,Sociology,5.0,5,500,10,2027/2028,2.93,17,3.54,181,10,0,True,-0.09936507938669785,0.3815847391701966,3.207341918749694,18.1,,3.54,Second Class Upper,Low
STU_0029,Obafemi Awolowo University,Engineering,Civil,Civil Engineering,5.0,4,100,1,2024/2025,2.89,22,2.89,22,1,7,False,0.0,0.0,2.88925104499594,22.0,3.27,3.32,Second Class Lower,Medium
STU_0029,Obafemi Awolowo University,Engineering,Civil,Civil Engineering,5.0,4,100,2,2024/2025,3.27,20,3.07,42,2,6,False,0.38049454123247806,0.26905027030994966,3.079498315612179,21.0,3.72,3.32,Second Class Lower,Low
STU_0029,Obafemi Awolowo University,Engineering,Civil,Civil Engineering,5.0,4,200,3,2025/2026,3.72,21,3.29,63,3,5,False,0.4144225365300467,0.4148852151366309,3.2923642497601304,21.0,3.63,3.32,Second Class Lower,Low
STU_0029,Obafemi Awolowo University,Engineering,Civil,Civil Engineering,5.0,4,200,4,2025/2026,3.63,22,3.38,85,4,4,False,0.26821399065570606,0.3793492642156511,3.5405630691745134,21.25,3.02,3.32,Second Class Lower,Low
STU_0029,Obafemi Awolowo University,Engineering,Civil,Civil Engineering,5.0,4,300,5,2026/2027,3.02,19,3.31,104,5,3,False,0.06200678954344405,0.3659529977558423,3.4563925518343157,20.8,3.87,3.32,Second Class Lower,Low
STU_0029,Obafemi Awolowo University,Engineering,Civil,Civil Engineering,5.0,4,300,6,2026/2027,3.87,17,3.39,121,6,2,False,0.1159293001501609,0.4000689639775519,3.5067314458899084,20.166666666666668,3.02,3.32,Second Class Lower,Low
STU_0029,Obafemi Awolowo University,Engineering,Civil,Civil Engineering,5.0,4,400,7,2027/2028,3.02,18,3.34,139,7,1,False,0.031816040363029444,0.392342257230217,3.302196713811553,19.857142857142858,3.14,3.32,Second Class Lower,Low
STU_0029,Obafemi Awolowo University,Engineering,Civil,Civil Engineering,5.0,4,400,8,2027/2028,3.14,19,3.32,158,8,0,True,0.003797916835309511,0.3706747678933715,3.3419214237323014,19.75,,3.32,Second Class Lower,Low
STU_0030,University of Ibadan,Engineering,Chemical,Chemical Engineering,5.0,4,100,1,2020/2021,2.92,20,2.92,20,1,7,False,0.0,0.0,2.9166918305739693,20.0,2.53,3.1,Second Class Lower,Medium
STU_0030,University of Ibadan,Engineering,Chemical,Chemical Engineering,5.0,4,100,2,2020/2021,2.53,22,2.72,42,2,6,False,-0.38331408967102565,0.2710439921307306,2.7250347857384565,21.0,2.67,3.1,Second Class Lower,Medium
STU_0030,University of Ibadan,Engineering,Chemical,Chemical Engineering,5.0,4,200,3,2021/2022,2.67,22,2.7,64,3,5,False,-0.12470931982550715,0.1945367748789206,2.705780920799956,21.333333333333332,3.43,3.1,Second Class Lower,Medium
STU_0030,University of Ibadan,Engineering,Chemical,Chemical Engineering,5.0,4,200,4,2021/2022,3.43,22,2.89,86,4,4,False,0.16667052477803135,0.39432938147249086,2.8760931205511007,21.5,3.3,3.1,Second Class Lower,Medium
STU_0030,University of Ibadan,Engineering,Chemical,Chemical Engineering,5.0,4,300,5,2022/2023,3.3,17,2.95,103,5,3,False,0.16565590629661392,0.38794998116531193,3.130915879448389,20.6,3.62,3.1,Second Class Lower,Medium
STU_0030,University of Ibadan,Engineering,Chemical,Chemical Engineering,5.0,4,300,6,2022/2023,3.62,15,3.04,118,6,2,False,0.18777487744370389,0.4372773368069907,3.4486128021020335,19.666666666666668,3.06,3.1,Second Class Lower,Low
STU_0030,University of Ibadan,Engineering,Chemical,Chemical Engineering,5.0,4,400,7,2023/2024,3.06,16,3.04,134,7,1,False,0.11529951594595125,0.3992438968377285,3.325394067223433,19.142857142857142,3.58,3.1,Second Class Lower,Low
STU_0030,University of Ibadan,Engineering,Chemical,Chemical Engineering,5.0,4,400,8,2023/2024,3.58,17,3.1,151,8,0,True,0.11859446389651314,0.4098379244294135,3.417841369369515,18.875,,3.1,Second Class Lower,Low
STU_0031,University of Lagos,Science,Computer Science,Computer Science,5.0,5,100,1,2021/2022,4.6,20,4.6,20,1,9,False,0.0,0.0,4.596438203865445,20.0,2.81,3.5,Second Class Upper,Low
STU_0031,University of Lagos,Science,Computer Science,Computer Science,5.0,5,100,2,2021/2022,2.81,21,3.68,41,2,8,False,-1.7858508863839853,1.2627872719501225,3.703512760673453,20.5,4.38,3.5,Second Class Upper,Low
STU_0031,University of Lagos,Science,Computer Science,Computer Science,5.0,5,200,3,2022/2023,4.38,21,3.92,62,3,7,False,-0.11018116344469098,0.973702330747532,3.9277004661076567,20.666666666666668,2.57,3.5,Second Class Upper,Low
STU_0031,University of Lagos,Science,Computer Science,Computer Science,5.0,5,200,4,2022/2023,2.57,21,3.58,83,4,6,False,-0.4511327519842302,1.0451490747852528,3.2524986795146673,20.75,2.74,3.5,Second Class Upper,Low
STU_0031,University of Lagos,Science,Computer Science,Computer Science,5.0,5,300,5,2023/2024,2.74,17,3.43,100,5,5,False,-0.39465765201903186,0.9809239213799443,3.2299786338434395,20.0,3.93,3.5,Second Class Upper,Low
STU_0031,University of Lagos,Science,Computer Science,Computer Science,5.0,5,300,6,2023/2024,3.93,16,3.5,116,6,4,False,-0.15191286389574538,0.9022277230342628,3.082830956645203,19.333333333333332,3.8,3.5,Second Class Upper,Low
STU_0031,University of Lagos,Science,Computer Science,Computer Science,5.0,5,400,7,2024/2025,3.8,15,3.54,131,7,3,False,-0.06332188162562727,0.8311382908899372,3.4926932938149626,18.714285714285715,4.1,3.5,Second Class Upper,Low
STU_0031,University of Lagos,Science,Computer Science,Computer Science,5.0,5,400,8,2024/2025,4.1,17,3.6,148,8,2,False,0.004021669528331659,0.7940948916741775,3.9457727924813857,18.5,2.25,3.5,Second Class Upper,Low
STU_0031,University of Lagos,Science,Computer Science,Computer Science,5.0,5,500,9,2025/2026,2.25,16,3.47,164,9,1,False,-0.08852637535032419,0.8719778101877362,3.3831157822668767,18.22222222222222,3.82,3.5,Second Class Upper,Medium
STU_0031,University of Lagos,Science,Computer Science,Computer Science,5.0,5,500,10,2025/2026,3.82,13,3.5,177,10,0,True,-0.044917774697790215,0.8298176513095384,3.390111898252096,17.7,,3.5,Second Class Upper,Low
STU_0032,"University of Nigeria, Nsukka",Medical Sciences,Nursing,Nursing Science,5.0,6,100,1,2022/2023,1.72,22,1.72,22,1,11,False,0.0,0.0,1.7240389656742785,22.0,2.9,2.95,Second Class Lower,High
STU_0032,"University of Nigeria, Nsukka",Medical Sciences,Nursing,Nursing Science,5.0,6,100,2,2022/2023,2.9,21,2.3,43,2,10,False,1.1763337440104813,0.8317935673283716,2.312205837679519,21.5,3.19,2.95,Second Class Lower,Medium
STU_0032,"University of Nigeria, Nsukka",Medical Sciences,Nursing,Nursing Science,5.0,6,200,3,2023/2024,3.19,21,2.59,64,3,9,False,0.7342724708717971,0.7773644262612649,2.6056651942589704,21.333333333333332,3.28,2.95,Second Class Lower,Medium
STU_0032,"University of Nigeria, Nsukka",Medical Sciences,Nursing,Nursing Science,5.0,6,200,4,2023/2024,3.28,21,2.76,85,4,8,False,0.49532919173472456,0.718179826415702,3.1235630519938744,21.25,1.93,2.95,Second Class Lower,Medium
STU_0032,"University of Nigeria, Nsukka",Medical Sciences,Nursing,Nursing Science,5.0,6,300,5,2024/2025,1.93,17,2.62,102,5,7,False,0.07900424134915904,0.7273707948728049,2.800232234706607,20.4,3.3,2.95,Second Class Lower,Medium
STU_0032,"University of Nigeria, Nsukka",Medical Sciences,Nursing,Nursing Science,5.0,6,300,6,2024/2025,3.3,19,2.73,121,6,6,False,0.1439683575293406,0.7092321829535636,2.834965336635489,20.166666666666668,3.39,2.95,Second Class Lower,Medium
STU_0032,"University of Nigeria, Nsukka",Medical Sciences,Nursing,Nursing Science,5.0,6,400,7,2025/2026,3.39,18,2.81,139,7,5,False,0.16120687986136933,0.6944845944449085,2.8707536209754454,19.857142857142858,3.4,2.95,Second Class Lower,Medium
STU_0032,"University of Nigeria, Nsukka",Medical Sciences,Nursing,Nursing Science,5.0,6,400,8,2025/2026,3.4,17,2.88,156,8,4,False,0.15651520862352153,0.6757981647159199,3.361897403449762,19.5,3.37,2.95,Second Class Lower,Medium
STU_0032,"University of Nigeria, Nsukka",Medical Sciences,Nursing,Nursing Science,5.0,6,500,9,2026/2027,3.37,17,2.93,173,9,3,False,0.14138026131900652,0.6518646043638614,3.3850177667038017,19.22222222222222,3.51,2.95,Second Class Lower,Medium
STU_0032,"University of Nigeria, Nsukka",Medical Sciences,Nursing,Nursing Science,5.0,6,500,10,2026/2027,3.51,17,2.98,190,10,2,False,0.13359102730453287,0.6399484606957746,3.4253124523583285,19.0,3.49,2.95,Second Class Lower,Medium
STU_0032,"University of Nigeria, Nsukka",Medical Sciences,Nursing,Nursing Science,5.0,6,500,11,2027/2028,3.49,13,3.01,203,11,1,False,0.12252882908810711,0.6249249754667675,3.4539335584694544,18.454545454545453,2.2,2.95,Second Class Lower,Low
STU_0032,"University of Nigeria, Nsukka",Medical Sciences,Nursing,Nursing Science,5.0,6,500,12,2027/2028,2.2,17,2.95,220,12,0,True,0.06165738157140312,0.6441124957658795,3.063711820973733,18.333333333333332,,2.95,Second Class Lower,Medium
STU_0033,Ahmadu Bello University,Social Sciences,Economics,Economics,5.0,5,100,1,2023/2024,5.0,19,5.0,19,1,9,False,0.0,0.0,5.0,19.0,4.3,4.87,First Class,Low
STU_0033,Ahmadu Bello University,Social Sciences,Economics,Economics,5.0,5,100,2,2023/2024,4.3,20,4.64,39,2,8,False,-0.7007729381495089,0.4955212966375388,4.6496135309252455,19.5,4.82,4.87,First Class,Low
STU_0033,Ahmadu Bello University,Social Sciences,Economics,Economics,5.0,5,200,3,2024/2025,4.82,22,4.71,61,3,7,False,-0.08875245442719892,0.3643258921150341,4.707240717665364,20.333333333333332,4.99,4.87,First Class,Low
STU_0033,Ahmadu Bello University,Social Sciences,Economics,Economics,5.0,5,200,4,2024/2025,4.99,19,4.77,80,4,6,False,0.048036896295408395,0.32844153222080363,4.702474154738584,20.0,4.76,4.87,First Class,Low
STU_0033,Ahmadu Bello University,Social Sciences,Economics,Economics,5.0,5,300,5,2025/2026,4.76,18,4.77,98,5,5,False,0.02035745750940805,0.2845564870600042,4.855582021742572,19.6,5.0,4.87,First Class,Low
STU_0033,Ahmadu Bello University,Social Sciences,Economics,Economics,5.0,5,300,6,2025/2026,5.0,15,4.8,113,6,4,False,0.044033600660284375,0.2708345653452235,4.914750324694038,18.833333333333332,5.0,4.87,First Class,Low
STU_0033,Ahmadu Bello University,Social Sciences,Economics,Economics,5.0,5,400,7,2026/2027,5.0,19,4.83,132,7,3,False,0.047771480286281164,0.25735068812926964,4.919516887620819,18.857142857142858,5.0,4.87,First Class,Low
STU_0033,Ahmadu Bello University,Social Sciences,Economics,Economics,5.0,5,400,8,2026/2027,5.0,16,4.85,148,8,2,False,0.04534797343992306,0.24504834754737098,5.0,18.5,5.0,4.87,First Class,Low
STU_0033,Ahmadu Bello University,Social Sciences,Economics,Economics,5.0,5,500,9,2027/2028,5.0,14,4.86,162,9,1,False,0.04119380534896108,0.23404118092681525,5.0,18.0,5.0,4.87,First Class,Low
STU_0033,Ahmadu Bello University,Social Sciences,Economics,Economics,5.0,5,500,10,2027/2028,5.0,15,4.87,177,10,0,True,0.03683202130180074,0.22422490499065126,5.0,17.7,,4.87,First Class,Low
STU_0034,"University of Nigeria, Nsukka",Social Sciences,Psychology,Psychology,5.0,6,100,1,2024/2025,3.49,18,3.49,18,1,11,False,0.0,0.0,3.4910816113592444,18.0,2.24,3.16,Second Class Lower,Low
STU_0034,"University of Nigeria, Nsukka",Social Sciences,Psychology,Psychology,5.0,6,100,2,2024/2025,2.24,22,2.8,40,2,10,False,-1.2529581883858132,0.8859752315508203,2.864602517166338,20.0,3.49,3.16,Second Class Lower,Medium
STU_0034,"University of Nigeria, Nsukka",Social Sciences,Psychology,Psychology,5.0,6,200,3,2025/2026,3.49,18,3.01,58,3,9,False,-0.0029567678512256723,0.721694713565892,3.071457703329823,19.333333333333332,1.96,3.16,Second Class Lower,Low
STU_0034,"University of Nigeria, Nsukka",Social Sciences,Psychology,Psychology,5.0,6,200,4,2025/2026,1.96,21,2.73,79,4,8,False,-0.33557482188826876,0.8110700557268649,2.5600362731558177,19.75,3.64,3.16,Second Class Lower,Medium
STU_0034,"University of Nigeria, Nsukka",Social Sciences,Psychology,Psychology,5.0,6,300,5,2026/2027,3.64,17,2.89,96,5,7,False,0.0007288972915837633,0.7970976773141185,3.025788181793095,19.2,2.94,3.16,Second Class Lower,Medium
STU_0034,"University of Nigeria, Nsukka",Social Sciences,Psychology,Psychology,5.0,6,300,6,2026/2027,2.94,19,2.9,115,6,6,False,-0.002845657313151178,0.7130067835559262,2.8435583984354973,19.166666666666668,3.28,3.16,Second Class Lower,Medium
STU_0034,"University of Nigeria, Nsukka",Social Sciences,Psychology,Psychology,5.0,6,400,7,2027/2028,3.28,17,2.95,132,7,5,False,0.033078668924689233,0.6623965595903384,3.285566612103024,18.857142857142858,3.03,3.16,Second Class Lower,Medium
STU_0034,"University of Nigeria, Nsukka",Social Sciences,Psychology,Psychology,5.0,6,400,8,2027/2028,3.03,15,2.96,147,8,4,False,0.024586556665405688,0.613354284627885,3.0852381132958997,18.375,3.56,3.16,Second Class Lower,Medium
STU_0034,"University of Nigeria, Nsukka",Social Sciences,Psychology,Psychology,5.0,6,500,9,2028/2029,3.56,13,3.01,160,9,3,False,0.05407197053160014,0.6026168589127178,3.2926472724136335,17.77777777777778,3.74,3.16,Second Class Lower,Low
STU_0034,"University of Nigeria, Nsukka",Social Sciences,Psychology,Psychology,5.0,6,500,10,2028/2029,3.74,14,3.07,174,10,2,False,0.07565778136060972,0.6059424780072695,3.4434735659946405,17.4,3.46,3.16,Second Class Lower,Low
STU_0034,"University of Nigeria, Nsukka",Social Sciences,Psychology,Psychology,5.0,6,500,11,2029/2030,3.46,17,3.1,191,11,1,False,0.07139671925277428,0.583007212781257,3.584744191047657,17.363636363636363,3.83,3.16,Second Class Lower,Low
STU_0034,"University of Nigeria, Nsukka",Social Sciences,Psychology,Psychology,5.0,6,500,12,2029/2030,3.83,17,3.16,208,12,0,True,0.08055563513699153,0.5882325337108841,3.675058787229556,17.333333333333332,,3.16,Second Class Lower,Low
STU_0035,Obafemi Awolowo University,Arts,Linguistics,Linguistics,5.0,4,100,1,2020/2021,4.89,20,4.89,20,1,7,False,0.0,0.0,4.893598967683293,20.0,4.0,4.29,Second Class Upper,Low
STU_0035,Obafemi Awolowo University,Arts,Linguistics,Linguistics,5.0,4,100,2,2020/2021,4.0,20,4.44,40,2,6,False,-0.8981327764825746,0.6350757766567303,4.444532579442006,20.0,3.25,4.29,Second Class Upper,Low
STU_0035,Obafemi Awolowo University,Arts,Linguistics,Linguistics,5.0,4,200,3,2021/2022,3.25,18,4.07,58,3,5,False,-0.8214794499345017,0.8226706899817123,4.046568408899434,19.333333333333332,4.16,4.29,Second Class Upper,Low
STU_0035,Obafemi Awolowo University,Arts,Linguistics,Linguistics,5.0,4,200,4,2021/2022,4.16,19,4.09,77,4,4,False,-0.29500022165323053,0.6740369429943095,3.8015488429943365,19.25,3.85,4.29,Second Class Upper,Low
STU_0035,Obafemi Awolowo University,Arts,Linguistics,Linguistics,5.0,4,300,5,2022/2023,3.85,17,4.05,94,5,3,False,-0.19308882943892555,0.5925673014218702,3.751932706295772,18.8,4.63,4.29,Second Class Upper,Low
STU_0035,Obafemi Awolowo University,Arts,Linguistics,Linguistics,5.0,4,300,6,2022/2023,4.63,18,4.14,112,6,2,False,-0.024222699964855363,0.5843538245767437,4.212309041543002,18.666666666666668,5.0,4.29,Second Class Upper,Low
STU_0035,Obafemi Awolowo University,Arts,Linguistics,Linguistics,5.0,4,400,7,2023/2024,5.0,18,4.26,130,7,1,False,0.07813523481969205,0.6267582948959731,4.492795618220335,18.571428571428573,4.49,4.29,Second Class Upper,Low
STU_0035,Obafemi Awolowo University,Arts,Linguistics,Linguistics,5.0,4,400,8,2023/2024,4.49,17,4.29,147,8,0,True,0.07152889768578971,0.5860968603661921,4.706279529615369,18.375,,4.29,Second Class Upper,Low
STU_0036,"University of Nigeria, Nsukka",Social Sciences,Psychology,Psychology,5.0,4,100,1,2021/2022,4.35,18,4.35,18,1,7,False,0.0,0.0,4.351914391769313,18.0,4.14,4.18,Second Class Upper,Low
STU_0036,"University of Nigeria, Nsukka",Social Sciences,Psychology,Psychology,5.0,4,100,2,2021/2022,4.14,19,4.24,37,2,6,False,-0.21441354368816334,0.15161327072013836,4.244707619925231,18.5,4.03,4.18,Second Class Upper,Low
STU_0036,"University of Nigeria, Nsukka",Social Sciences,Psychology,Psychology,5.0,4,200,3,2022/2023,4.03,22,4.16,59,3,5,False,-0.1604319171338746,0.16343114361630295,4.173488599117342,19.666666666666668,4.1,4.18,Second Class Upper,Low
STU_0036,"University of Nigeria, Nsukka",Social Sciences,Psychology,Psychology,5.0,4,200,4,2022/2023,4.1,20,4.15,79,4,4,False,-0.08517670971434903,0.13795634277830585,4.0906756206102415,19.75,4.23,4.18,Second Class Upper,Low
STU_0036,"University of Nigeria, Nsukka",Social Sciences,Psychology,Psychology,5.0,4,300,5,2023/2024,4.23,19,4.16,98,5,3,False,-0.026899022416711917,0.12451803141196388,4.122985996450633,19.6,4.06,4.18,Second Class Upper,Low
STU_0036,"University of Nigeria, Nsukka",Social Sciences,Psychology,Psychology,5.0,4,300,6,2023/2024,4.06,18,4.15,116,6,2,False,-0.03129995900018633,0.1203161188431849,4.132692818118783,19.333333333333332,4.3,4.18,Second Class Upper,Low
STU_0036,"University of Nigeria, Nsukka",Social Sciences,Psychology,Psychology,5.0,4,400,7,2024/2025,4.3,18,4.17,134,7,1,False,-0.0034985300106342076,0.12359045178789128,4.199207951376078,19.142857142857142,4.25,4.18,Second Class Upper,Low
STU_0036,"University of Nigeria, Nsukka",Social Sciences,Psychology,Psychology,5.0,4,400,8,2024/2025,4.25,15,4.18,149,8,0,True,0.003757864259366147,0.11730365552142297,4.203594596942473,18.625,,4.18,Second Class Upper,Low
STU_0037,Ahmadu Bello University,Medical Sciences,Medicine,Medicine and Surgery,5.0,4,100,1,2022/2023,3.52,22,3.52,22,1,7,False,0.0,0.0,3.518675213786068,22.0,3.81,3.06,Second Class Lower,Low
STU_0037,Ahmadu Bello University,Medical Sciences,Medicine,Medicine and Surgery,5.0,4,100,2,2022/2023,3.81,21,3.66,43,2,6,False,0.2869455457545982,0.20290114123435113,3.662147986663367,21.5,3.14,3.06,Second Class Lower,Low
STU_0037,Ahmadu Bello University,Medical Sciences,Medicine,Medicine and Surgery,5.0,4,200,3,2023/2024,3.14,18,3.51,61,3,5,False,-0.18910611909780206,0.3336208229159956,3.488252982972399,20.333333333333332,3.1,3.06,Second Class Lower,Low
STU_0037,Ahmadu Bello University,Medical Sciences,Medicine,Medicine and Surgery,5.0,4,200,4,2023/2024,3.1,19,3.41,80,4,4,False,-0.1934501103541873,0.3357881699588047,3.3472148363511027,20.0,2.58,3.06,Second Class Lower,Low
STU_0037,Ahmadu Bello University,Medical Sciences,Medicine,Medicine and Surgery,5.0,4,300,5,2024/2025,2.58,15,3.28,95,5,3,False,-0.2585245090671318,0.46417732356157304,2.9390354702574317,19.0,2.5,3.06,Second Class Lower,Low
STU_0037,Ahmadu Bello University,Medical Sciences,Medicine,Medicine and Surgery,5.0,4,300,6,2024/2025,2.5,18,3.15,113,6,2,False,-0.25236403193994333,0.51164670393645,2.7241579082301866,18.833333333333332,2.7,3.06,Second Class Lower,Low
STU_0037,Ahmadu Bello University,Medical Sciences,Medicine,Medicine and Surgery,5.0,4,400,7,2025/2026,2.7,15,3.1,128,7,1,False,-0.20149604747790026,0.491926398115401,2.5915373798529813,18.285714285714285,2.77,3.06,Second Class Lower,Low
STU_0037,Ahmadu Bello University,Medical Sciences,Medicine,Medicine and Surgery,5.0,4,400,8,2025/2026,2.77,16,3.06,144,8,0,True,-0.15716959681976153,0.4656290695476685,2.655770035066466,18.0,,3.06,Second Class Lower,Low
STU_0038,"University of Nigeria, Nsukka",Engineering,Electrical,Electrical Engineering,5.0,6,100,1,2023/2024,3.35,20,3.35,20,1,11,False,0.0,0.0,3.3536847896496997,20.0,3.19,3.28,Second Class Lower,Low
STU_0038,"University of Nigeria, Nsukka",Engineering,Electrical,Electrical Engineering,5.0,6,100,2,2023/2024,3.19,21,3.27,41,2,10,False,-0.15902609868079098,0.11244843276282838,3.2741717403093045,20.5,3.17,3.28,Second Class Lower,Low
STU_0038,"University of Nigeria, Nsukka",Engineering,Electrical,Electrical Engineering,5.0,6,200,3,2024/2025,3.17,20,3.24,61,3,9,False,-0.09047443248605957,0.09875255226929165,3.2403598017653965,20.333333333333332,3.22,3.28,Second Class Lower,Low
STU_0038,"University of Nigeria, Nsukka",Engineering,Electrical,Electrical Engineering,5.0,6,200,4,2024/2025,3.22,22,3.24,83,4,8,False,-0.041440924650828846,0.08110470894752125,3.196750192852401,20.75,3.67,3.28,Second Class Lower,Low
STU_0038,"University of Nigeria, Nsukka",Engineering,Electrical,Electrical Engineering,5.0,6,300,5,2025/2026,3.67,17,3.31,100,5,7,False,0.0653921096722851,0.2049642789375542,3.354046196542839,20.0,3.26,3.28,Second Class Lower,Low
STU_0038,"University of Nigeria, Nsukka",Engineering,Electrical,Electrical Engineering,5.0,6,300,6,2025/2026,3.26,15,3.3,115,6,6,False,0.029166678722135016,0.18481732459248018,3.3846991304553886,19.166666666666668,3.04,3.28,Second Class Lower,Low
STU_0038,"University of Nigeria, Nsukka",Engineering,Electrical,Electrical Engineering,5.0,6,400,7,2026/2027,3.04,17,3.27,132,7,5,False,-0.010922792994517419,0.19758615320829728,3.3238952891348537,18.857142857142858,3.23,3.28,Second Class Lower,Low
STU_0038,"University of Nigeria, Nsukka",Engineering,Electrical,Electrical Engineering,5.0,6,400,8,2026/2027,3.23,17,3.26,149,8,4,False,-0.01068069945702326,0.18349670753936634,3.179337764117374,18.625,3.28,3.28,Second Class Lower,Low
STU_0038,"University of Nigeria, Nsukka",Engineering,Electrical,Electrical Engineering,5.0,6,500,9,2027/2028,3.28,17,3.27,166,9,3,False,-0.006697223549651136,0.17168967021422965,3.1845231591052587,18.444444444444443,3.15,3.28,Second Class Lower,Low
STU_0038,"University of Nigeria, Nsukka",Engineering,Electrical,Electrical Engineering,5.0,6,500,10,2027/2028,3.15,17,3.26,183,10,2,False,-0.011344842876210223,0.16616519741888966,3.2214310878022805,18.3,3.6,3.28,Second Class Lower,Low
STU_0038,"University of Nigeria, Nsukka",Engineering,Electrical,Electrical Engineering,5.0,6,500,11,2028/2029,3.6,16,3.28,199,11,1,False,0.007028617999447489,0.18833920414190325,3.343743363255401,18.09090909090909,3.3,3.28,Second Class Lower,Low
STU_0038,"University of Nigeria, Nsukka",Engineering,Electrical,Electrical Engineering,5.0,6,500,12,2028/2029,3.3,14,3.28,213,12,0,True,0.005695202154942883,0.1795874465384703,3.3491826748806424,17.75,,3.28,Second Class Lower,Low
STU_0039,Obafemi Awolowo University,Social Sciences,Political Science,Political Science,5.0,5,100,1,2024/2025,0.57,21,0.57,21,1,9,False,0.0,0.0,0.5670380247280649,21.0,2.4,1.87,Third Class,High
STU_0039,Obafemi Awolowo University,Social Sciences,Political Science,Political Science,5.0,5,100,2,2024/2025,2.4,18,1.41,39,2,8,False,1.835248535417936,1.2977166845567023,1.484662292437033,19.5,2.27,1.87,Third Class,High
STU_0039,Obafemi Awolowo University,Social Sciences,Political Science,Political Science,5.0,5,200,3,2025/2026,2.27,19,1.69,58,3,7,False,0.8504629733093986,1.023012611562571,1.7457628520736426,19.333333333333332,1.96,1.87,Third Class,High
STU_0039,Obafemi Awolowo University,Social Sciences,Political Science,Political Science,5.0,5,200,4,2025/2026,1.96,22,1.77,80,4,6,False,0.4031171416884091,0.8418458282057678,2.2085955193717792,20.0,0.87,1.87,Third Class,High
STU_0039,Obafemi Awolowo University,Social Sciences,Political Science,Political Science,5.0,5,300,5,2026/2027,0.87,19,1.59,99,5,5,False,0.015863126707649267,0.8390126868623347,1.6977429743324703,19.8,2.16,1.87,Third Class,High
STU_0039,Obafemi Awolowo University,Social Sciences,Political Science,Political Science,5.0,5,300,6,2026/2027,2.16,17,1.68,116,6,4,False,0.0869979006129668,0.7827865842553872,1.6611028168950048,19.333333333333332,2.49,1.87,Third Class,High
STU_0039,Obafemi Awolowo University,Social Sciences,Political Science,Political Science,5.0,5,400,7,2027/2028,2.49,15,1.77,131,7,3,False,0.1388503270178358,0.7742327499847536,1.8398846301570082,18.714285714285715,2.49,1.87,Third Class,High
STU_0039,Obafemi Awolowo University,Social Sciences,Political Science,Political Science,5.0,5,400,8,2027/2028,2.49,18,1.86,149,8,2,False,0.14834947611223911,0.7548596835347154,2.3784614719925887,18.625,2.39,1.87,Third Class,High
STU_0039,Obafemi Awolowo University,Social Sciences,Political Science,Political Science,5.0,5,500,9,2028/2029,2.39,13,1.9,162,9,1,False,0.13652686065392353,0.7247687208711662,2.4557721893515994,18.0,1.6,1.87,Third Class,High
STU_0039,Obafemi Awolowo University,Social Sciences,Political Science,Political Science,5.0,5,500,10,2028/2029,1.6,17,1.87,179,10,0,True,0.08022260410535327,0.6922043916769091,2.160012440321853,17.9,,1.87,Third Class,High
STU_0040,"University of Nigeria, Nsukka",Social Sciences,Sociology,Sociology,5.0,5,100,1,2020/2021,2.63,21,2.63,21,1,9,False,0.0,0.0,2.6282366030824598,21.0,2.69,2.9,Second Class Lower,Medium
STU_0040,"University of Nigeria, Nsukka",Social Sciences,Sociology,Sociology,5.0,5,100,2,2020/2021,2.69,22,2.66,43,2,8,False,0.06546595304990399,0.04629141933842725,2.6609695796074115,21.5,2.58,2.9,Second Class Lower,Medium
STU_0040,"University of Nigeria, Nsukka",Social Sciences,Sociology,Sociology,5.0,5,200,3,2021/2022,2.58,18,2.64,61,3,7,False,-0.023646102527924873,0.05662264842384028,2.634294519080478,20.333333333333332,2.94,2.9,Second Class Lower,Medium
STU_0040,"University of Nigeria, Nsukka",Social Sciences,Sociology,Sociology,5.0,5,200,4,2021/2022,2.94,22,2.72,83,4,6,False,0.08117797665125495,0.15797705566671422,2.737020955149178,20.75,3.08,2.9,Second Class Lower,Medium
STU_0040,"University of Nigeria, Nsukka",Social Sciences,Sociology,Sociology,5.0,5,300,5,2022/2023,3.08,15,2.77,98,5,5,False,0.11552653507294997,0.21632323534557912,2.8672909700614273,19.6,1.97,2.9,Second Class Lower,Medium
STU_0040,"University of Nigeria, Nsukka",Social Sciences,Sociology,Sociology,5.0,5,300,6,2022/2023,1.97,16,2.66,114,6,4,False,-0.050728099659860984,0.38566825999627524,2.6628293627088886,19.0,3.0,2.9,Second Class Lower,Medium
STU_0040,"University of Nigeria, Nsukka",Social Sciences,Sociology,Sociology,5.0,5,400,7,2023/2024,3.0,17,2.7,131,7,3,False,0.006204234971012761,0.3766086843942427,2.6848180751593653,18.714285714285715,3.41,2.9,Second Class Lower,Medium
STU_0040,"University of Nigeria, Nsukka",Social Sciences,Sociology,Sociology,5.0,5,400,8,2023/2024,3.41,16,2.78,147,8,2,False,0.06374148508057968,0.4307231128079644,2.794771078793475,18.375,3.55,2.9,Second Class Lower,Medium
STU_0040,"University of Nigeria, Nsukka",Social Sciences,Sociology,Sociology,5.0,5,500,9,2024/2025,3.55,13,2.84,160,9,1,False,0.0952164197849032,0.47574622654130233,3.3214100090204446,17.77777777777778,3.46,2.9,Second Class Lower,Medium
STU_0040,"University of Nigeria, Nsukka",Social Sciences,Sociology,Sociology,5.0,5,500,10,2024/2025,3.46,16,2.9,176,10,0,True,0.10148685954987167,0.48592082134735826,3.47524425665785,17.6,,2.9,Second Class Lower,Medium
STU_0041,"University of Nigeria, Nsukka",Social Sciences,Geography,Geography,5.0,4,100,1,2021/2022,4.09,19,4.09,19,1,7,False,0.0,0.0,4.085615322933947,19.0,4.1,4.04,Second Class Upper,Low
STU_0041,"University of Nigeria, Nsukka",Social Sciences,Geography,Geography,5.0,4,100,2,2021/2022,4.1,19,4.09,38,2,6,False,0.01150140425419277,0.008132720941307514,4.091366025061044,19.0,3.88,4.04,Second Class Upper,Low
STU_0041,"University of Nigeria, Nsukka",Social Sciences,Geography,Geography,5.0,4,200,3,2022/2023,3.88,19,4.02,57,3,5,False,-0.10040920078890725,0.1194012930280545,4.022509657159406,19.0,4.06,4.04,Second Class Upper,Low
STU_0041,"University of Nigeria, Nsukka",Social Sciences,Geography,Geography,5.0,4,200,4,2022/2023,4.06,18,4.03,75,4,4,False,-0.029912664514889185,0.09897648193399253,4.012864452790864,18.75,4.08,4.04,Second Class Upper,Low
STU_0041,"University of Nigeria, Nsukka",Social Sciences,Geography,Geography,5.0,4,300,5,2023/2024,4.08,19,4.04,94,5,3,False,-0.005948932821762653,0.08805069111024671,4.005855266229832,18.8,4.03,4.04,Second Class Upper,Low
STU_0041,"University of Nigeria, Nsukka",Social Sciences,Geography,Geography,5.0,4,300,6,2023/2024,4.03,18,4.04,112,6,2,False,-0.004544261102440471,0.07882286250992564,4.054938116888549,18.666666666666668,4.06,4.04,Second Class Upper,Low
STU_0041,"University of Nigeria, Nsukka",Social Sciences,Geography,Geography,5.0,4,400,7,2024/2025,4.06,19,4.04,131,7,1,False,-0.0009675535744198312,0.07225769784830743,4.054778739199207,18.714285714285715,4.0,4.04,Second Class Upper,Low
STU_0041,"University of Nigeria, Nsukka",Social Sciences,Geography,Geography,5.0,4,400,8,2024/2025,4.0,16,4.04,147,8,0,True,-0.00415448642655167,0.06853455454866751,4.029118113804256,18.375,,4.04,Second Class Upper,Low
STU_0042,University of Ibadan,Science,Biology,Cell Biology,5.0,6,100,1,2022/2023,2.96,20,2.96,20,1,11,False,0.0,0.0,2.9565374492075662,20.0,2.77,2.19,Third Class,Medium
STU_0042,University of Ibadan,Science,Biology,Cell Biology,5.0,6,100,2,2022/2023,2.77,22,2.86,42,2,10,False,-0.1913133590063012,0.13527897348493204,2.8608807697044156,21.0,2.7,2.19,Third Class,Medium
STU_0042,University of Ibadan,Science,Biology,Cell Biology,5.0,6,200,3,2023/2024,2.7,20,2.81,62,3,9,False,-0.12762399165531968,0.13281564321981504,2.807683668435253,20.666666666666668,1.18,2.19,Third Class,Medium
STU_0042,University of Ibadan,Science,Biology,Cell Biology,5.0,6,200,4,2023/2024,1.18,21,2.39,83,4,8,False,-0.5402193765988881,0.8224635628935397,2.2145437638036367,20.75,2.54,2.19,Third Class,High
STU_0042,University of Ibadan,Science,Biology,Cell Biology,5.0,6,300,5,2024/2025,2.54,17,2.42,100,5,7,False,-0.24151475981232395,0.7151385067884187,2.140474676266622,20.0,2.43,2.19,Third Class,Medium
STU_0042,University of Ibadan,Science,Biology,Cell Biology,5.0,6,300,6,2024/2025,2.43,18,2.42,118,6,6,False,-0.13836429606079959,0.6396401342324992,2.0487602144561254,19.666666666666668,1.03,2.19,Third Class,Medium
STU_0042,University of Ibadan,Science,Biology,Cell Biology,5.0,6,400,7,2025/2026,1.03,17,2.25,135,7,5,False,-0.2365835292357572,0.7882543215998299,1.9987989901074255,19.285714285714285,2.1,2.19,Third Class,High
STU_0042,University of Ibadan,Science,Biology,Cell Biology,5.0,6,400,8,2025/2026,2.1,16,2.23,151,8,4,False,-0.16880673028107854,0.7312953326119624,1.8494828096979505,18.875,2.24,2.19,Third Class,Medium
STU_0042,University of Ibadan,Science,Biology,Cell Biology,5.0,6,500,9,2026/2027,2.24,16,2.23,167,9,3,False,-0.11620728727423527,0.6841341559028076,1.7877059857096758,18.555555555555557,2.12,2.19,Third Class,Medium
STU_0042,University of Ibadan,Science,Biology,Cell Biology,5.0,6,500,10,2026/2027,2.12,16,2.22,183,10,2,False,-0.08951742333278671,0.6456596990282374,2.1529594178727134,18.3,1.96,2.19,Third Class,Medium
STU_0042,University of Ibadan,Science,Biology,Cell Biology,5.0,6,500,11,2027/2028,1.96,13,2.2,196,11,1,False,-0.07810662642856286,0.6168325630131389,2.109348689091611,17.818181818181817,2.05,2.19,Third Class,Medium
STU_0042,University of Ibadan,Science,Biology,Cell Biology,5.0,6,500,12,2027/2028,2.05,14,2.19,210,12,0,True,-0.0653528285354302,0.5894557834700008,2.0445989080074116,17.5,,2.19,Third Class,Medium
STU_0043,University of Ibadan,Medical Sciences,Pharmacy,Pharmacy,5.0,5,100,1,2023/2024,2.45,19,2.45,19,1,9,False,0.0,0.0,2.454845706425682,19.0,1.71,2.52,Second Class Lower,Medium
STU_0043,University of Ibadan,Medical Sciences,Pharmacy,Pharmacy,5.0,5,100,2,2023/2024,1.71,19,2.08,38,2,8,False,-0.7469739008690077,0.5281903106738433,2.0813587559911784,19.0,2.57,2.52,Second Class Lower,Medium
STU_0043,University of Ibadan,Medical Sciences,Pharmacy,Pharmacy,5.0,5,200,3,2024/2025,2.57,22,2.26,60,3,7,False,0.05671572309273465,0.4674637352784927,2.243664888197836,20.0,2.78,2.52,Second Class Lower,Medium
STU_0043,University of Ibadan,Medical Sciences,Pharmacy,Pharmacy,5.0,5,200,4,2024/2025,2.78,20,2.39,80,4,6,False,0.18273903381623946,0.46566035416695606,2.351107664987605,20.0,2.75,2.52,Second Class Lower,Medium
STU_0043,University of Ibadan,Medical Sciences,Pharmacy,Pharmacy,5.0,5,300,5,2025/2026,2.75,16,2.45,96,5,5,False,0.16607634789273373,0.43650341013672467,2.698675839892111,19.2,2.82,2.52,Second Class Lower,Medium
STU_0043,University of Ibadan,Medical Sciences,Pharmacy,Pharmacy,5.0,5,300,6,2025/2026,2.82,15,2.5,111,6,4,False,0.14687526126451522,0.4177190299945894,2.7811069368925305,18.5,2.33,2.52,Second Class Lower,Medium
STU_0043,University of Ibadan,Medical Sciences,Pharmacy,Pharmacy,5.0,5,400,7,2026/2027,2.33,15,2.48,126,7,3,False,0.07254987440875031,0.38732123929847684,2.632964163399928,18.0,2.36,2.52,Second Class Lower,Medium
STU_0043,University of Ibadan,Medical Sciences,Pharmacy,Pharmacy,5.0,5,400,8,2026/2027,2.36,17,2.46,143,8,2,False,0.03749839006980312,0.3615421876424865,2.50154029095566,17.875,2.87,2.52,Second Class Lower,Medium
STU_0043,University of Ibadan,Medical Sciences,Pharmacy,Pharmacy,5.0,5,500,9,2027/2028,2.87,16,2.51,159,9,1,False,0.05305458743052701,0.36378196402850344,2.5205189610150835,17.666666666666668,2.63,2.52,Second Class Lower,Medium
STU_0043,University of Ibadan,Medical Sciences,Pharmacy,Pharmacy,5.0,5,500,10,2027/2028,2.63,13,2.52,172,10,0,True,0.0450889664731546,0.3450433400828136,2.6210482161213426,17.2,,2.52,Second Class Lower,Medium
STU_0044,Ahmadu Bello University,Social Sciences,Sociology,Sociology,5.0,4,100,1,2024/2025,3.55,20,3.55,20,1,7,False,0.0,0.0,3.5489949257561184,20.0,2.37,3.36,Second Class Lower,Low
STU_0044,Ahmadu Bello University,Social Sciences,Sociology,Sociology,5.0,4,100,2,2024/2025,2.37,18,2.99,38,2,6,False,-1.178343132649136,0.8332144196608036,2.9598233594315504,19.0,3.6,3.36,Second Class Lower,Medium
STU_0044,Ahmadu Bello University,Social Sciences,Sociology,Sociology,5.0,4,200,3,2025/2026,3.6,21,3.21,59,3,5,False,0.0245238168867572,0.6949084234798786,3.172563092797578,19.666666666666668,3.56,3.36,Second Class Lower,Low
STU_0044,Ahmadu Bello University,Social Sciences,Sociology,Sociology,5.0,4,200,4,2025/2026,3.56,18,3.29,77,4,4,False,0.12726788388395222,0.6002127348446548,3.177595100843897,19.25,3.55,3.36,Second Class Lower,Low
STU_0044,Ahmadu Bello University,Social Sciences,Sociology,Sociology,5.0,4,300,5,2026/2027,3.55,16,3.33,93,5,3,False,0.11875615634649198,0.534213241979794,3.56939654617308,18.6,3.48,3.36,Second Class Lower,Low
STU_0044,Ahmadu Bello University,Social Sciences,Sociology,Sociology,5.0,4,300,6,2026/2027,3.48,16,3.36,109,6,2,False,0.08953219152977326,0.4818117351865489,3.5291383552628397,18.166666666666668,3.35,3.36,Second Class Lower,Low
STU_0044,Ahmadu Bello University,Social Sciences,Sociology,Sociology,5.0,4,400,7,2027/2028,3.35,18,3.35,127,7,1,False,0.05561938956639315,0.4398335447750305,3.457006008428771,18.142857142857142,3.37,3.36,Second Class Lower,Low
STU_0044,Ahmadu Bello University,Social Sciences,Sociology,Sociology,5.0,4,400,8,2027/2028,3.37,19,3.36,146,8,0,True,0.03896873601501695,0.40728560690834115,3.399343787450476,18.25,,3.36,Second Class Lower,Low
STU_0045,University of Lagos,Engineering,Chemical,Chemical Engineering,5.0,5,100,1,2020/2021,1.37,18,1.37,18,1,9,False,0.0,0.0,1.3684582909025118,18.0,1.31,1.93,Third Class,High
STU_0045,University of Lagos,Engineering,Chemical,Chemical Engineering,5.0,5,100,2,2020/2021,1.31,22,1.34,40,2,8,False,-0.05593944294576936,0.039555159442751495,1.3404885694296271,20.0,2.19,1.93,Third Class,High
STU_0045,University of Lagos,Engineering,Chemical,Chemical Engineering,5.0,5,200,3,2021/2022,2.19,22,1.64,62,3,7,False,0.40980920405393273,0.4901539055453252,1.623017945956544,20.666666666666668,0.92,1.93,Third Class,High
STU_0045,University of Lagos,Engineering,Chemical,Chemical Engineering,5.0,5,200,4,2021/2022,0.92,20,1.46,82,4,6,False,-0.04573734834299934,0.5312928459975039,1.4749144643472516,20.5,2.26,1.93,Third Class,High
STU_0045,University of Lagos,Engineering,Chemical,Chemical Engineering,5.0,5,300,5,2022/2023,2.26,19,1.61,101,5,5,False,0.13978969768146682,0.5865089904045676,1.7912722751119707,20.2,2.32,1.93,Third Class,High
STU_0045,University of Lagos,Engineering,Chemical,Chemical Engineering,5.0,5,300,6,2022/2023,2.32,16,1.71,117,6,4,False,0.18147682170049664,0.599574979295544,1.8359592934473925,19.5,2.47,1.93,Third Class,High
STU_0045,University of Lagos,Engineering,Chemical,Chemical Engineering,5.0,5,400,7,2023/2024,2.47,15,1.8,132,7,3,False,0.19223692037657467,0.6139018146333651,2.3496050391882144,18.857142857142858,2.4,1.93,Third Class,High
STU_0045,University of Lagos,Engineering,Chemical,Chemical Engineering,5.0,5,400,8,2023/2024,2.4,18,1.87,150,8,2,False,0.1754020783931345,0.6026709159919487,2.3962420812685825,18.75,2.07,1.93,Third Class,High
STU_0045,University of Lagos,Engineering,Chemical,Chemical Engineering,5.0,5,500,9,2024/2025,2.07,15,1.89,165,9,1,False,0.13378722597244697,0.5664264107506647,2.3123716940826706,18.333333333333332,2.4,1.93,Third Class,High
STU_0045,University of Lagos,Engineering,Chemical,Chemical Engineering,5.0,5,500,10,2024/2025,2.4,16,1.93,181,10,0,True,0.12333978159737916,0.5549605004269001,2.291070875477479,18.1,,1.93,Third Class,High
STU_0046,Obafemi Awolowo University,Medical Sciences,Nursing,Nursing Science,5.0,6,100,1,2021/2022,3.22,21,3.22,21,1,11,False,0.0,0.0,3.223079393587118,21.0,4.74,4.5,First Class,Low
STU_0046,Obafemi Awolowo University,Medical Sciences,Nursing,Nursing Science,5.0,6,100,2,2021/2022,4.74,18,3.92,39,2,10,False,1.5123781273592636,1.0694128295739473,3.9792684572667496,19.5,4.77,4.5,First Class,Low
STU_0046,Obafemi Awolowo University,Medical Sciences,Nursing,Nursing Science,5.0,6,200,3,2022/2023,4.77,21,4.22,60,3,9,False,0.7719919475639947,0.8824372303536724,4.241866734416202,20.0,4.86,4.5,First Class,Low
STU_0046,Obafemi Awolowo University,Medical Sciences,Nursing,Nursing Science,5.0,6,200,4,2022/2023,4.86,22,4.39,82,4,8,False,0.494302662880445,0.7840410715364883,4.787580163420171,20.5,4.79,4.5,First Class,Low
STU_0046,Obafemi Awolowo University,Medical Sciences,Nursing,Nursing Science,5.0,6,300,5,2023/2024,4.79,18,4.46,100,5,7,False,0.32649327734457473,0.7017948584105681,4.806815889932601,20.0,4.76,4.5,First Class,Low
STU_0046,Obafemi Awolowo University,Medical Sciences,Nursing,Nursing Science,5.0,6,300,6,2023/2024,4.76,17,4.51,117,6,6,False,0.22721690758751167,0.638362868010957,4.804575513894413,19.5,3.61,4.5,First Class,Low
STU_0046,Obafemi Awolowo University,Medical Sciences,Nursing,Nursing Science,5.0,6,400,7,2024/2025,3.61,15,4.4,132,7,5,False,0.043977771010036575,0.67763245509384,4.387251740135348,18.857142857142858,3.49,4.5,First Class,Low
STU_0046,Obafemi Awolowo University,Medical Sciences,Nursing,Nursing Science,5.0,6,400,8,2024/2025,3.49,17,4.3,149,8,4,False,-0.046090486713324844,0.7042336925712273,3.9520644134870935,18.625,5.0,4.5,First Class,Low
STU_0046,Obafemi Awolowo University,Medical Sciences,Nursing,Nursing Science,5.0,6,500,9,2025/2026,5.0,14,4.36,163,9,3,False,0.015776844094067766,0.7011764691630998,4.031950359953579,18.11111111111111,4.95,4.5,First Class,Low
STU_0046,Obafemi Awolowo University,Medical Sciences,Nursing,Nursing Science,5.0,6,500,10,2025/2026,4.95,16,4.41,179,10,2,False,0.043727609372225196,0.6870124958815105,4.4794606135100645,17.9,5.0,4.5,First Class,Low
STU_0046,Obafemi Awolowo University,Medical Sciences,Nursing,Nursing Science,5.0,6,500,11,2026/2027,5.0,16,4.46,195,11,1,False,0.059223175461969486,0.6749204696920532,4.983593039997096,17.727272727272727,5.0,4.5,First Class,Low
STU_0046,Obafemi Awolowo University,Medical Sciences,Nursing,Nursing Science,5.0,6,500,12,2026/2027,5.0,14,4.5,209,12,0,True,0.06588511068828466,0.6613526407438748,4.983593039997096,17.416666666666668,,4.5,First Class,Low
STU_0047,University of Lagos,Science,Mathematics,Mathematics,5.0,6,100,1,2022/2023,4.25,19,4.25,19,1,11,False,0.0,0.0,4.247765149821275,19.0,3.85,4.64,First Class,Low
STU_0047,University of Lagos,Science,Mathematics,Mathematics,5.0,6,100,2,2022/2023,3.85,19,4.05,38,2,10,False,-0.3994999850192271,0.28248914849101964,4.048015157311661,19.0,4.93,4.64,First Class,Low
STU_0047,University of Lagos,Science,Mathematics,Mathematics,5.0,6,200,3,2023/2024,4.93,22,4.37,60,3,9,False,0.3410441054878808,0.5469121793149505,4.341961225140119,20.0,4.45,4.64,First Class,Low
STU_0047,University of Lagos,Science,Mathematics,Mathematics,5.0,6,200,4,2023/2024,4.45,19,4.39,79,4,8,False,0.16851817172867523,0.44974544543509226,4.409027171950315,19.75,4.44,4.64,First Class,Low
STU_0047,University of Lagos,Science,Mathematics,Mathematics,5.0,6,300,5,2024/2025,4.44,15,4.4,94,5,7,False,0.09867750028840053,0.3908230771586132,4.606540029862423,18.8,4.71,4.64,First Class,Low
STU_0047,University of Lagos,Science,Mathematics,Mathematics,5.0,6,300,6,2024/2025,4.71,19,4.45,113,6,6,False,0.10288366260844137,0.3739650703430099,4.532790815579279,18.833333333333332,4.53,4.64,First Class,Low
STU_0047,University of Lagos,Science,Mathematics,Mathematics,5.0,6,400,7,2025/2026,4.53,16,4.46,129,7,5,False,0.07471615281928558,0.3433527975310234,4.561327179314366,18.428571428571427,5.0,4.64,First Class,Low
STU_0047,University of Lagos,Science,Mathematics,Mathematics,5.0,6,400,8,2025/2026,5.0,19,4.53,148,8,4,False,0.09553900421743658,0.37240950486038765,4.74772593313491,18.5,5.0,4.64,First Class,Low
STU_0047,University of Lagos,Science,Mathematics,Mathematics,5.0,6,500,9,2026/2027,5.0,14,4.57,162,9,3,False,0.09888706792207792,0.38336452722210207,4.844857360485708,18.0,5.0,4.64,First Class,Low
STU_0047,University of Lagos,Science,Mathematics,Mathematics,5.0,6,500,10,2026/2027,5.0,14,4.6,176,10,2,False,0.0951976966486911,0.38581614711990614,5.0,17.6,5.0,4.64,First Class,Low
STU_0047,University of Lagos,Science,Mathematics,Mathematics,5.0,6,500,11,2027/2028,5.0,15,4.64,191,11,1,False,0.08885814428826687,0.38390358537955577,5.0,17.363636363636363,4.75,4.64,First Class,Low
STU_0047,University of Lagos,Science,Mathematics,Mathematics,5.0,6,500,12,2027/2028,4.75,14,4.64,205,12,0,True,0.07216880313778949,0.3671567591557803,4.916676186594073,17.083333333333332,,4.64,First Class,Low
STU_0048,University of Ibadan,Arts,English,English Language,5.0,4,100,1,2023/2024,2.54,19,2.54,19,1,7,False,0.0,0.0,2.5416475412476545,19.0,3.18,2.94,Second Class Lower,Medium
STU_0048,University of Ibadan,Arts,English,English Language,5.0,4,100,2,2023/2024,3.18,21,2.88,40,2,6,False,0.6395697895300398,0.4522441352187441,2.8614324360126746,20.0,3.04,2.94,Second Class Lower,Medium
STU_0048,University of Ibadan,Arts,English,English Language,5.0,4,200,3,2024/2025,3.04,22,2.94,62,3,5,False,0.25155403999431036,0.33684542795380756,2.9225401644205413,20.666666666666668,2.55,2.94,Second Class Lower,Medium
STU_0048,University of Ibadan,Arts,English,English Language,5.0,4,200,4,2024/2025,2.55,18,2.85,80,4,4,False,-0.012106558766656717,0.33307991844517876,2.924250844628858,20.0,3.21,2.94,Second Class Lower,Medium
STU_0048,University of Ibadan,Arts,English,English Language,5.0,4,300,5,2025/2026,3.21,15,2.91,95,5,3,False,0.0707070113967446,0.33565962708790575,2.9346455585976003,19.0,2.62,2.94,Second Class Lower,Medium
STU_0048,University of Ibadan,Arts,English,English Language,5.0,4,300,6,2025/2026,2.62,18,2.86,113,6,2,False,0.00019843998312098725,0.32145796527948917,2.794367466138342,18.833333333333332,3.05,2.94,Second Class Lower,Medium
STU_0048,University of Ibadan,Arts,English,English Language,5.0,4,400,7,2026/2027,3.05,18,2.89,131,7,1,False,0.020685706464081428,0.3022812971131006,2.9622285529728054,18.714285714285715,3.33,2.94,Second Class Lower,Medium
STU_0048,University of Ibadan,Arts,English,English Language,5.0,4,400,8,2026/2027,3.33,17,2.94,148,8,0,True,0.05114384220391891,0.3216138906491072,3.00279801051594,18.5,,2.94,Second Class Lower,Medium
STU_0049,University of Lagos,Social Sciences,Psychology,Psychology,5.0,4,100,1,2024/2025,2.94,21,2.94,21,1,7,False,0.0,0.0,2.942048498537832,21.0,2.93,2.87,Second Class Lower,Medium
STU_0049,University of Lagos,Social Sciences,Psychology,Psychology,5.0,4,100,2,2024/2025,2.93,18,2.94,39,2,6,False,-0.011284244256125397,0.007979165634071618,2.9364063764097694,19.5,3.17,2.87,Second Class Lower,Medium
STU_0049,University of Lagos,Social Sciences,Psychology,Psychology,5.0,4,200,3,2025/2026,3.17,21,3.02,60,3,5,False,0.11253589350064463,0.13332217681500053,3.01331101278622,20.0,2.72,2.87,Second Class Lower,Low
STU_0049,University of Lagos,Social Sciences,Psychology,Psychology,5.0,4,200,4,2025/2026,2.72,21,2.94,81,4,4,False,-0.0434044581904955,0.1832108653819214,2.938822055768179,20.25,2.55,2.87,Second Class Lower,Medium
STU_0049,University of Lagos,Social Sciences,Psychology,Psychology,5.0,4,300,5,2026/2027,2.55,15,2.88,96,5,3,False,-0.09930544294824309,0.2351296661356517,2.812438170072815,19.2,2.82,2.87,Second Class Lower,Medium
STU_0049,University of Lagos,Social Sciences,Psychology,Psychology,5.0,4,300,6,2026/2027,2.82,15,2.87,111,6,2,False,-0.06243405107597863,0.2109336262136362,2.697467697182681,18.5,3.07,2.87,Second Class Lower,Medium
STU_0049,University of Lagos,Social Sciences,Psychology,Psychology,5.0,4,400,7,2027/2028,3.07,17,2.9,128,7,1,False,-0.01550465220099982,0.20966561468588685,2.8162331210386653,18.285714285714285,2.71,2.87,Second Class Lower,Medium
STU_0049,University of Lagos,Social Sciences,Psychology,Psychology,5.0,4,400,8,2027/2028,2.71,19,2.87,147,8,0,True,-0.025114874699481027,0.20398764244989606,2.868830116138124,18.375,,2.87,Second Class Lower,Medium
STU_0050,University of Lagos,Science,Computer Science,Computer Science,5.0,5,100,1,2020/2021,3.61,19,3.61,19,1,9,False,0.0,0.0,3.613565923073777,19.0,3.37,3.38,Second Class Lower,Low
STU_0050,University of Lagos,Science,Computer Science,Computer Science,5.0,5,100,2,2020/2021,3.37,21,3.49,40,2,8,False,-0.24238150137714376,0.17138960325795485,3.492375172385205,20.0,3.58,3.38,Second Class Lower,Low
STU_0050,University of Lagos,Science,Computer Science,Computer Science,5.0,5,200,3,2021/2022,3.58,21,3.52,61,3,7,False,-0.018081751156788783,0.13075578651771877,3.520717588510203,20.333333333333332,4.02,3.38,Second Class Lower,Low
STU_0050,University of Lagos,Science,Computer Science,Computer Science,5.0,5,200,4,2021/2022,4.02,19,3.64,80,4,6,False,0.14386766233867704,0.2735294916488317,3.657657435657226,20.0,4.14,3.38,Second Class Lower,Low
STU_0050,University of Lagos,Science,Computer Science,Computer Science,5.0,5,300,5,2022/2023,4.14,18,3.73,98,5,5,False,0.17145462547259185,0.3250165066500524,3.9153421381008915,19.6,2.16,3.38,Second Class Lower,Low
STU_0050,University of Lagos,Science,Computer Science,Computer Science,5.0,5,300,6,2022/2023,2.16,17,3.5,115,6,4,False,-0.1289766896528872,0.7107363854809923,3.4420413386321713,19.166666666666668,2.47,3.38,Second Class Lower,Medium
STU_0050,University of Lagos,Science,Computer Science,Computer Science,5.0,5,400,7,2023/2024,2.47,18,3.36,133,7,3,False,-0.1890203322119955,0.7531341712983817,2.923764090205358,19.0,3.48,3.38,Second Class Lower,Medium
STU_0050,University of Lagos,Science,Computer Science,Computer Science,5.0,5,400,8,2023/2024,3.48,18,3.37,151,8,2,False,-0.11379025720735891,0.6991925970510818,2.7035220804873443,18.875,3.21,3.38,Second Class Lower,Low
STU_0050,University of Lagos,Science,Computer Science,Computer Science,5.0,5,500,9,2024/2025,3.21,16,3.36,167,9,1,False,-0.08924490039186604,0.6557907663881037,3.0547860963247206,18.555555555555557,3.59,3.38,Second Class Lower,Low
STU_0050,University of Lagos,Science,Computer Science,Computer Science,5.0,5,500,10,2024/2025,3.59,13,3.38,180,10,0,True,-0.0511012147896063,0.6234434067155241,3.4290208816591847,18.0,,3.38,Second Class Lower,Low
STU_0051,"University of Nigeria, Nsukka",Science,Computer Science,Computer Science,5.0,4,100,1,2021/2022,3.01,22,3.01,22,1,7,False,0.0,0.0,3.0124886753444198,22.0,3.28,2.71,Second Class Lower,Low
STU_0051,"University of Nigeria, Nsukka",Science,Computer Science,Computer Science,5.0,4,100,2,2021/2022,3.28,22,3.15,44,2,6,False,0.26846313414668277,0.18983210265371317,3.146720242417761,22.0,2.2,2.71,Second Class Lower,Low
STU_0051,"University of Nigeria, Nsukka",Science,Computer Science,Computer Science,5.0,4,200,3,2022/2023,2.2,20,2.85,64,3,5,False,-0.4039510849643877,0.5602589636928232,2.832675663417055,21.333333333333332,2.57,2.71,Second Class Lower,Medium
STU_0051,"University of Nigeria, Nsukka",Science,Computer Science,Computer Science,5.0,4,200,4,2022/2023,2.57,18,2.79,82,4,4,False,-0.23890407186087304,0.47525598514496453,2.6868228395800258,20.5,2.25,2.71,Second Class Lower,Medium
STU_0051,"University of Nigeria, Nsukka",Science,Computer Science,Computer Science,5.0,4,300,5,2023/2024,2.25,18,2.69,100,5,3,False,-0.2230620271460392,0.4723095806360161,2.343235350564028,20.0,2.42,2.71,Second Class Lower,Medium
STU_0051,"University of Nigeria, Nsukka",Science,Computer Science,Computer Science,5.0,4,300,6,2023/2024,2.42,17,2.65,117,6,2,False,-0.16208700964403855,0.43387887446101603,2.4157959648859495,19.5,2.69,2.71,Second Class Lower,Medium
STU_0051,"University of Nigeria, Nsukka",Science,Computer Science,Computer Science,5.0,4,400,7,2024/2025,2.69,18,2.66,135,7,1,False,-0.09401436341346006,0.3969094146219404,2.454911223124651,19.285714285714285,3.16,2.71,Second Class Lower,Medium
STU_0051,"University of Nigeria, Nsukka",Science,Computer Science,Computer Science,5.0,4,400,8,2024/2025,3.16,15,2.71,150,8,0,True,-0.018836735850512668,0.41185680473863645,2.758191413889764,18.75,,2.71,Second Class Lower,Medium
STU_0052,University of Lagos,Arts,Theatre Arts,Theatre Arts,5.0,5,100,1,2022/2023,4.04,19,4.04,19,1,9,False,0.0,0.0,4.03516522035897,19.0,3.87,3.71,Second Class Upper,Low
STU_0052,University of Lagos,Arts,Theatre Arts,Theatre Arts,5.0,5,100,2,2022/2023,3.87,21,3.95,40,2,8,False,-0.16173985591414608,0.11436734890502781,3.9542952924018975,20.0,3.6,3.71,Second Class Upper,Low
STU_0052,University of Lagos,Arts,Theatre Arts,Theatre Arts,5.0,5,200,3,2023/2024,3.6,22,3.83,62,3,7,False,-0.2176610695352752,0.22004257596094115,3.8361445553640716,20.666666666666668,2.78,3.71,Second Class Upper,Low
STU_0052,University of Lagos,Arts,Theatre Arts,Theatre Arts,5.0,5,200,4,2023/2024,2.78,22,3.55,84,4,6,False,-0.4033993452712304,0.5569965999774781,3.418321092080083,21.0,3.8,3.71,Second Class Upper,Low
STU_0052,University of Lagos,Arts,Theatre Arts,Theatre Arts,5.0,5,300,5,2024/2025,3.8,19,3.6,103,5,5,False,-0.1556795772646443,0.49322728551816686,3.3947235042666946,20.6,4.2,3.71,Second Class Upper,Low
STU_0052,University of Lagos,Arts,Theatre Arts,Theatre Arts,5.0,5,300,6,2024/2025,4.2,19,3.69,122,6,4,False,-0.006238114782002922,0.5005017134472692,3.593977052205665,20.333333333333332,4.08,3.71,Second Class Upper,Low
STU_0052,University of Lagos,Arts,Theatre Arts,Theatre Arts,5.0,5,400,7,2025/2026,4.08,15,3.73,137,7,3,False,0.03503264919978211,0.47708822790204697,4.026219175107059,19.571428571428573,3.17,3.71,Second Class Upper,Low
STU_0052,University of Lagos,Arts,Theatre Arts,Theatre Arts,5.0,5,400,8,2025/2026,3.17,19,3.67,156,8,2,False,-0.02602224124334981,0.48885908091321745,3.816822089166992,19.5,4.42,3.71,Second Class Upper,Low
STU_0052,University of Lagos,Arts,Theatre Arts,Theatre Arts,5.0,5,500,9,2026/2027,4.42,15,3.73,171,9,1,False,0.030382396014600598,0.5178362247287853,3.891578478769311,19.0,3.35,3.71,Second Class Upper,Low
STU_0052,University of Lagos,Arts,Theatre Arts,Theatre Arts,5.0,5,500,10,2026/2027,3.35,13,3.71,184,10,0,True,-0.0009959936047905184,0.5062436852684914,3.6489519231979766,18.4,,3.71,Second Class Upper,Low
STU_0053,"University of Nigeria, Nsukka",Engineering,Chemical,Chemical Engineering,5.0,6,100,1,2023/2024,3.38,21,3.38,21,1,11,False,0.0,0.0,3.3818465930572112,21.0,3.58,3.63,Second Class Upper,Low
STU_0053,"University of Nigeria, Nsukka",Engineering,Chemical,Chemical Engineering,5.0,6,100,2,2023/2024,3.58,21,3.48,42,2,10,False,0.19434970173150612,0.13742599201593086,3.4790214439229645,21.0,3.17,3.63,Second Class Upper,Low
STU_0053,"University of Nigeria, Nsukka",Engineering,Chemical,Chemical Engineering,5.0,6,200,3,2024/2025,3.17,20,3.38,62,3,9,False,-0.10526681600261445,0.20249556814335917,3.376451949632637,20.666666666666668,3.56,3.63,Second Class Upper,Low
STU_0053,"University of Nigeria, Nsukka",Engineering,Chemical,Chemical Engineering,5.0,6,200,4,2024/2025,3.56,19,3.42,81,4,8,False,0.014357263355566108,0.1902429102744057,3.437391501554014,20.25,3.52,3.63,Second Class Upper,Low
STU_0053,"University of Nigeria, Nsukka",Engineering,Chemical,Chemical Engineering,5.0,6,300,5,2025/2026,3.52,17,3.44,98,5,7,False,0.02657969000895908,0.17037100400040248,3.4188295919863396,19.6,3.57,3.63,Second Class Upper,Low
STU_0053,"University of Nigeria, Nsukka",Engineering,Chemical,Chemical Engineering,5.0,6,300,6,2025/2026,3.57,17,3.46,115,6,6,False,0.03351288976867885,0.161131265748905,3.5521178720043145,19.166666666666668,3.79,3.63,Second Class Upper,Low
STU_0053,"University of Nigeria, Nsukka",Engineering,Chemical,Chemical Engineering,5.0,6,400,7,2026/2027,3.79,17,3.5,132,7,5,False,0.05560807236913853,0.19127976015129844,3.6264966988238023,18.857142857142858,3.87,3.63,Second Class Upper,Low
STU_0053,"University of Nigeria, Nsukka",Engineering,Chemical,Chemical Engineering,5.0,6,400,8,2026/2027,3.87,19,3.55,151,8,4,False,0.06724020792813887,0.21850221641406528,3.743833015246789,18.875,3.88,3.63,Second Class Upper,Low
STU_0053,"University of Nigeria, Nsukka",Engineering,Chemical,Chemical Engineering,5.0,6,500,9,2027/2028,3.88,17,3.58,168,9,3,False,0.0687399593672081,0.23133742479146788,3.847050763530097,18.666666666666668,3.8,3.63,Second Class Upper,Low
STU_0053,"University of Nigeria, Nsukka",Engineering,Chemical,Chemical Engineering,5.0,6,500,10,2027/2028,3.8,13,3.6,181,10,2,False,0.061173471923697875,0.22753546016195889,3.8500683166903946,18.1,4.02,3.63,Second Class Upper,Low
STU_0053,"University of Nigeria, Nsukka",Engineering,Chemical,Chemical Engineering,5.0,6,500,11,2028/2029,4.02,13,3.63,194,11,1,False,0.06426457173669564,0.24792468198002504,3.898171780203001,17.636363636363637,3.72,3.63,Second Class Upper,Low
STU_0053,"University of Nigeria, Nsukka",Engineering,Chemical,Chemical Engineering,5.0,6,500,12,2028/2029,3.72,14,3.63,208,12,0,True,0.051972709256450235,0.23715345225246043,3.8429412835336656,17.333333333333332,,3.63,Second Class Upper,Low
STU_0054,"University of Nigeria, Nsukka",Arts,English,English Language,5.0,5,100,1,2024/2025,3.49,19,3.49,19,1,9,False,0.0,0.0,3.491989793947672,19.0,4.03,4.46,Second Class Upper,Low
STU_0054,"University of Nigeria, Nsukka",Arts,English,English Language,5.0,5,100,2,2024/2025,4.03,21,3.77,40,2,8,False,0.5380813185580062,0.3804809491821651,3.7610304532266747,20.0,4.41,4.46,Second Class Upper,Low
STU_0054,"University of Nigeria, Nsukka",Arts,English,English Language,5.0,5,200,3,2025/2026,4.41,22,4.0,62,3,7,False,0.4583583916199381,0.46066364829624595,3.9769224945469657,20.666666666666668,3.38,4.46,Second Class Upper,Low
STU_0054,"University of Nigeria, Nsukka",Arts,English,English Language,5.0,5,200,4,2025/2026,3.38,18,3.86,80,4,6,False,0.003196760756388084,0.4812698343910172,3.938403843756078,20.0,4.86,4.46,Second Class Upper,Low
STU_0054,"University of Nigeria, Nsukka",Arts,English,English Language,5.0,5,300,5,2026/2027,4.86,15,4.02,95,5,5,False,0.2089070785059874,0.6233778723360901,4.2161614135685,19.0,5.0,4.46,Second Class Upper,Low
STU_0054,"University of Nigeria, Nsukka",Arts,English,English Language,5.0,5,300,6,2026/2027,5.0,16,4.16,111,6,4,False,0.2573598977988828,0.6829135171299677,4.413259221172651,18.5,5.0,4.46,Second Class Upper,Low
STU_0054,"University of Nigeria, Nsukka",Arts,English,English Language,5.0,5,400,7,2027/2028,5.0,17,4.27,128,7,3,False,0.24709020135360799,0.693683282992969,4.954447940647648,18.285714285714285,5.0,4.46,Second Class Upper,Low
STU_0054,"University of Nigeria, Nsukka",Arts,English,English Language,5.0,5,400,8,2027/2028,5.0,16,4.35,144,8,2,False,0.22222031105527618,0.6869885058349544,5.0,18.0,5.0,4.46,Second Class Upper,Low
STU_0054,"University of Nigeria, Nsukka",Arts,English,English Language,5.0,5,500,9,2028/2029,5.0,14,4.41,158,9,1,False,0.1957996748457029,0.6733880580315328,5.0,17.555555555555557,5.0,4.46,Second Class Upper,Low
STU_0054,"University of Nigeria, Nsukka",Arts,English,English Language,5.0,5,500,10,2028/2029,5.0,15,4.46,173,10,0,True,0.17166918687469998,0.6571625288935738,5.0,17.3,,4.46,Second Class Upper,Low
STU_0055,University of Lagos,Social Sciences,Economics,Economics,5.0,6,100,1,2020/2021,1.65,21,1.65,21,1,11,False,0.0,0.0,1.652349608660971,21.0,2.02,1.98,Third Class,High
STU_0055,University of Lagos,Social Sciences,Economics,Economics,5.0,6,100,2,2020/2021,2.02,18,1.82,39,2,10,False,0.3679297097013059,0.2601655927297913,1.836314463511624,19.5,2.09,1.98,Third Class,High
STU_0055,University of Lagos,Social Sciences,Economics,Economics,5.0,6,200,3,2021/2022,2.09,20,1.91,59,3,9,False,0.21907216681495378,0.23532701423987215,1.9210409564380422,19.666666666666668,2.15,1.98,Third Class,High
STU_0055,University of Lagos,Social Sciences,Economics,Economics,5.0,6,200,4,2021/2022,2.15,22,1.98,81,4,8,False,0.15542856261957105,0.22290824990163766,2.0859377344677212,20.25,1.56,1.98,Third Class,High
STU_0055,University of Lagos,Social Sciences,Economics,Economics,5.0,6,300,5,2022/2023,1.56,18,1.9,99,5,7,False,-0.0050904449615495565,0.2674867835426862,1.9336836522334149,19.8,1.67,1.98,Third Class,High
STU_0055,University of Lagos,Social Sciences,Economics,Economics,5.0,6,300,6,2022/2023,1.67,19,1.86,118,6,6,False,-0.03461855775916412,0.2558339009513388,1.7944416222287043,19.666666666666668,2.2,1.98,Third Class,High
STU_0055,University of Lagos,Social Sciences,Economics,Economics,5.0,6,400,7,2023/2024,2.2,18,1.91,136,7,5,False,0.01488573617460406,0.2667243794950252,1.811633779275858,19.428571428571427,1.91,1.98,Third Class,High
STU_0055,University of Lagos,Social Sciences,Economics,Economics,5.0,6,400,8,2023/2024,1.91,18,1.91,154,8,4,False,0.010035504747510979,0.24693924621395713,1.9263873898134438,19.25,1.92,1.98,Third Class,High
STU_0055,University of Lagos,Social Sciences,Economics,Economics,5.0,6,500,9,2024/2025,1.92,15,1.91,169,9,3,False,0.007626337613102756,0.23101009066575626,2.0073406127189126,18.77777777777778,2.11,1.98,Third Class,High
STU_0055,University of Lagos,Social Sciences,Economics,Economics,5.0,6,500,10,2024/2025,2.11,13,1.92,182,10,2,False,0.01678868230842972,0.22734158234979723,1.9790403874023321,18.2,2.2,1.98,Third Class,High
STU_0055,University of Lagos,Social Sciences,Economics,Economics,5.0,6,500,11,2025/2026,2.2,16,1.95,198,11,1,False,0.025001335936699082,0.23085047103773979,2.076859307554347,18.0,2.5,1.98,Third Class,High
STU_0055,University of Lagos,Social Sciences,Economics,Economics,5.0,6,500,12,2025/2026,2.5,13,1.98,211,12,0,True,0.04011318006172082,0.2702042993559812,2.270301514720424,17.583333333333332,,1.98,Third Class,High
STU_0056,Ahmadu Bello University,Engineering,Electrical,Electrical Engineering,5.0,4,100,1,2021/2022,3.2,22,3.2,22,1,7,False,0.0,0.0,3.2039729725175277,22.0,3.54,3.36,Second Class Lower,Low
STU_0056,Ahmadu Bello University,Engineering,Electrical,Electrical Engineering,5.0,4,100,2,2021/2022,3.54,18,3.36,40,2,6,False,0.3402395105123466,0.2405856651108719,3.374092727773701,20.0,3.44,3.36,Second Class Lower,Low
STU_0056,Ahmadu Bello University,Engineering,Electrical,Electrical Engineering,5.0,4,200,3,2022/2023,3.44,22,3.39,62,3,5,False,0.12001223696880592,0.17484170276680938,3.397394300667514,20.666666666666668,3.42,3.36,Second Class Lower,Low
STU_0056,Ahmadu Bello University,Engineering,Electrical,Electrical Engineering,5.0,4,200,4,2022/2023,3.42,22,3.4,84,4,4,False,0.05573948460158133,0.14333849725123377,3.470462065399797,21.0,2.84,3.36,Second Class Lower,Low
STU_0056,Ahmadu Bello University,Engineering,Electrical,Electrical Engineering,5.0,4,300,5,2023/2024,2.84,16,3.31,100,5,3,False,-0.08551553392906124,0.2822951432885103,3.234695708066495,20.0,3.57,3.36,Second Class Lower,Low
STU_0056,Ahmadu Bello University,Engineering,Electrical,Electrical Engineering,5.0,4,300,6,2023/2024,3.57,17,3.35,117,6,2,False,-0.009567670587724184,0.2763416607328871,3.2752108784319667,19.5,3.35,3.36,Second Class Lower,Low
STU_0056,Ahmadu Bello University,Engineering,Electrical,Electrical Engineering,5.0,4,400,7,2024/2025,3.35,17,3.35,134,7,1,False,-0.004735541079935489,0.25230245197957113,3.250123995493419,19.142857142857142,3.53,3.36,Second Class Lower,Low
STU_0056,Ahmadu Bello University,Engineering,Electrical,Electrical Engineering,5.0,4,400,8,2024/2025,3.53,16,3.36,150,8,0,True,0.012693333795116855,0.2430739573809842,3.480541501076923,18.75,,3.36,Second Class Lower,Low
STU_0057,"University of Nigeria, Nsukka",Social Sciences,Geography,Geography,5.0,6,100,1,2022/2023,1.79,22,1.79,22,1,11,False,0.0,0.0,1.7894190014319156,22.0,3.2,3.1,Second Class Lower,High
STU_0057,"University of Nigeria, Nsukka",Social Sciences,Geography,Geography,5.0,6,100,2,2022/2023,3.2,20,2.46,42,2,10,False,1.4063254462152939,0.9944222595740316,2.4925817245395625,21.0,1.92,3.1,Second Class Lower,Medium
STU_0057,"University of Nigeria, Nsukka",Social Sciences,Geography,Geography,5.0,6,200,3,2023/2024,1.92,20,2.28,62,3,9,False,0.06382419389034366,0.7777167855698535,2.300743612763909,20.666666666666668,3.52,3.1,Second Class Lower,Medium
STU_0057,"University of Nigeria, Nsukka",Social Sciences,Geography,Geography,5.0,6,200,4,2023/2024,3.52,19,2.57,81,4,8,False,0.3902423085330035,0.8790425960602013,2.8764214065155365,20.25,3.37,3.1,Second Class Lower,Medium
STU_0057,"University of Nigeria, Nsukka",Social Sciences,Geography,Geography,5.0,6,300,5,2024/2025,3.37,18,2.72,99,5,7,False,0.3487166214678214,0.8351615125172807,2.9353893043835426,19.8,3.39,3.1,Second Class Lower,Medium
STU_0057,"University of Nigeria, Nsukka",Social Sciences,Geography,Geography,5.0,6,300,6,2024/2025,3.39,15,2.81,114,6,6,False,0.29013556416931646,0.7908408720773358,3.4278164198993015,19.0,3.19,3.1,Second Class Lower,Medium
STU_0057,"University of Nigeria, Nsukka",Social Sciences,Geography,Geography,5.0,6,400,7,2025/2026,3.19,18,2.86,132,7,5,False,0.21622043951506323,0.7323497253056033,3.318958957054097,18.857142857142858,3.65,3.1,Second Class Lower,Medium
STU_0057,"University of Nigeria, Nsukka",Social Sciences,Geography,Geography,5.0,6,400,8,2025/2026,3.65,18,2.95,150,8,4,False,0.20545294734224764,0.726201286589597,3.4102316269249293,18.75,3.27,3.1,Second Class Lower,Medium
STU_0057,"University of Nigeria, Nsukka",Social Sciences,Geography,Geography,5.0,6,500,9,2026/2027,3.27,15,2.98,165,9,3,False,0.1614608054878569,0.68500351179038,3.36791852020491,18.333333333333332,3.62,3.1,Second Class Lower,Medium
STU_0057,"University of Nigeria, Nsukka",Social Sciences,Geography,Geography,5.0,6,500,10,2026/2027,3.62,15,3.04,180,10,2,False,0.14942691365083866,0.6719470379727471,3.510905920393401,18.0,3.66,3.1,Second Class Lower,Low
STU_0057,"University of Nigeria, Nsukka",Social Sciences,Geography,Geography,5.0,6,500,11,2027/2028,3.66,17,3.09,197,11,1,False,0.13795870636514654,0.6601901414037105,3.515542286814322,17.90909090909091,3.3,3.1,Second Class Lower,Low
STU_0057,"University of Nigeria, Nsukka",Social Sciences,Geography,Geography,5.0,6,500,12,2027/2028,3.3,13,3.1,210,12,0,True,0.11222202130203383,0.6311294037624225,3.5268068996597433,17.5,,3.1,Second Class Lower,Low
STU_0058,University of Lagos,Social Sciences,Geography,Geography,5.0,6,100,1,2023/2024,3.32,19,3.32,19,1,11,False,0.0,0.0,3.3226175910478126,19.0,4.17,3.57,Second Class Upper,Low
STU_0058,University of Lagos,Social Sciences,Geography,Geography,5.0,6,100,2,2023/2024,4.17,20,3.76,39,2,10,False,0.8502443154430939,0.6012135211151257,3.7477397487693596,19.5,4.01,3.57,Second Class Upper,Low
STU_0058,University of Lagos,Social Sciences,Geography,Geography,5.0,6,200,3,2024/2025,4.01,22,3.85,61,3,9,False,0.3443674052861887,0.4515448215849393,3.8356106330529696,20.333333333333332,3.91,3.57,Second Class Upper,Low
STU_0058,University of Lagos,Social Sciences,Geography,Geography,5.0,6,200,4,2024/2025,3.91,21,3.87,82,4,8,False,0.16089404243387978,0.37069769633068217,4.032327291854027,20.5,3.79,3.57,Second Class Upper,Low
STU_0058,University of Lagos,Social Sciences,Geography,Geography,5.0,6,300,5,2025/2026,3.79,19,3.85,101,5,7,False,0.06717394114644652,0.32240263618873316,3.904218145123727,20.2,3.57,3.57,Second Class Upper,Low
STU_0058,University of Lagos,Social Sciences,Geography,Geography,5.0,6,300,6,2025/2026,3.57,16,3.81,117,6,6,False,-0.0006961072722202795,0.3092378641679851,3.7564534349472143,19.5,3.79,3.57,Second Class Upper,Low
STU_0058,University of Lagos,Social Sciences,Geography,Geography,5.0,6,400,7,2026/2027,3.79,15,3.81,132,7,5,False,-0.0011190197739660488,0.28230456708892326,3.7154137375294507,18.857142857142858,3.75,3.57,Second Class Upper,Low
STU_0058,University of Lagos,Social Sciences,Geography,Geography,5.0,6,400,8,2026/2027,3.75,18,3.8,150,8,4,False,-0.004118578313437459,0.26175461797981936,3.7041186872490486,18.75,3.35,3.57,Second Class Upper,Low
STU_0058,University of Lagos,Social Sciences,Geography,Geography,5.0,6,500,9,2027/2028,3.35,13,3.77,163,9,3,False,-0.03231540610138781,0.28567061655012893,3.6309576735863,18.11111111111111,3.5,3.57,Second Class Upper,Low
STU_0058,University of Lagos,Social Sciences,Geography,Geography,5.0,6,500,10,2027/2028,3.5,15,3.74,178,10,2,False,-0.036881453266950665,0.2802798493695321,3.5329812991825924,17.8,2.26,3.57,Second Class Upper,Low
STU_0058,University of Lagos,Social Sciences,Geography,Geography,5.0,6,500,11,2028/2029,2.26,13,3.64,191,11,1,False,-0.09377688296358568,0.5128725283547374,3.03540853115646,17.363636363636363,2.79,3.57,Second Class Upper,Medium
STU_0058,University of Lagos,Social Sciences,Geography,Geography,5.0,6,500,12,2028/2029,2.79,17,3.57,208,12,0,True,-0.10256626127918876,0.5397130320517941,2.850237367009212,17.333333333333332,,3.57,Second Class Upper,Low
STU_0059,University of Lagos,Arts,English,English Language,5.0,5,100,1,2024/2025,2.69,22,2.69,22,1,9,False,0.0,0.0,2.6936083887184488,22.0,2.3,2.47,Second Class Lower,Medium
STU_0059,University of Lagos,Arts,English,English Language,5.0,5,100,2,2024/2025,2.3,21,2.5,43,2,8,False,-0.3984818939379968,0.28176924938361614,2.4943674417494504,21.5,2.39,2.47,Second Class Lower,Medium
STU_0059,University of Lagos,Arts,English,English Language,5.0,5,200,3,2025/2026,2.39,20,2.46,63,3,7,False,-0.1534509816520877,0.20871173045266123,2.4584804363043915,21.0,2.38,2.47,Second Class Lower,Medium
STU_0059,University of Lagos,Arts,English,English Language,5.0,5,200,4,2025/2026,2.38,20,2.44,83,4,6,False,-0.08590052650377027,0.17524409727360046,2.3528598590075553,20.75,2.5,2.47,Second Class Lower,Medium
STU_0059,University of Lagos,Arts,English,English Language,5.0,5,300,5,2026/2027,2.5,19,2.45,102,5,5,False,-0.031134069922284312,0.1540486363001694,2.420193680108499,20.4,2.41,2.47,Second Class Lower,Medium
STU_0059,University of Lagos,Arts,English,English Language,5.0,5,300,6,2026/2027,2.41,16,2.45,118,6,4,False,-0.02278017747504625,0.13852103827918463,2.4296042790133057,19.666666666666668,2.33,2.47,Second Class Lower,Medium
STU_0059,University of Lagos,Arts,English,English Language,5.0,5,400,7,2027/2028,2.33,17,2.43,135,7,3,False,-0.02641519716352931,0.133549603473709,2.41415035542744,19.285714285714285,2.42,2.47,Second Class Lower,Medium
STU_0059,University of Lagos,Arts,English,English Language,5.0,5,400,8,2027/2028,2.42,15,2.43,150,8,2,False,-0.018513818560364756,0.12370233712956984,2.387428146262081,18.75,2.56,2.47,Second Class Lower,Medium
STU_0059,University of Lagos,Arts,English,English Language,5.0,5,500,9,2028/2029,2.56,17,2.44,167,9,1,False,-0.004337095230057741,0.123483625904537,2.4343783094722813,18.555555555555557,2.73,2.47,Second Class Lower,Medium
STU_0059,University of Lagos,Arts,English,English Language,5.0,5,500,10,2028/2029,2.73,14,2.47,181,10,0,True,0.012729501664505654,0.1484379635760382,2.5682577280643994,18.1,,2.47,Second Class Lower,Medium
STU_0060,"University of Nigeria, Nsukka",Science,Biology,Cell Biology,5.0,6,100,1,2020/2021,4.21,22,4.21,22,1,11,False,0.0,0.0,4.206996318054306,22.0,3.48,3.46,Second Class Lower,Low
STU_0060,"University of Nigeria, Nsukka",Science,Biology,Cell Biology,5.0,6,100,2,2020/2021,3.48,20,3.86,42,2,10,False,-0.7255879051958014,0.513068128110893,3.844202365456405,21.0,3.53,3.46,Second Class Lower,Low
STU_0060,"University of Nigeria, Nsukka",Science,Biology,Cell Biology,5.0,6,200,3,2021/2022,3.53,18,3.76,60,3,9,False,-0.3408701025448093,0.406851761744305,3.7378869479591654,20.0,3.67,3.46,Second Class Lower,Low
STU_0060,"University of Nigeria, Nsukka",Science,Biology,Cell Biology,5.0,6,200,4,2021/2022,3.67,20,3.74,80,4,8,False,-0.15601375536244788,0.33380610543375805,3.559666364211315,20.0,3.9,3.46,Second Class Lower,Low
STU_0060,"University of Nigeria, Nsukka",Science,Biology,Cell Biology,5.0,6,300,5,2022/2023,3.9,17,3.77,97,5,7,False,-0.04253762729159316,0.29976695220562843,3.698811928131885,19.4,3.15,3.46,Second Class Lower,Low
STU_0060,"University of Nigeria, Nsukka",Science,Biology,Cell Biology,5.0,6,300,6,2022/2023,3.15,16,3.68,113,6,6,False,-0.11056333882527714,0.36421031103511947,3.5747849706273644,18.833333333333332,3.19,3.46,Second Class Lower,Low
STU_0060,"University of Nigeria, Nsukka",Science,Biology,Cell Biology,5.0,6,400,7,2023/2024,3.19,16,3.62,129,7,5,False,-0.11943046963963432,0.37691121791685867,3.412874910291823,18.428571428571427,3.32,3.46,Second Class Lower,Low
STU_0060,"University of Nigeria, Nsukka",Science,Biology,Cell Biology,5.0,6,400,8,2023/2024,3.32,17,3.58,146,8,4,False,-0.1019789603427691,0.36161560977106705,3.220235769351305,18.25,2.83,3.46,Second Class Lower,Low
STU_0060,"University of Nigeria, Nsukka",Science,Biology,Cell Biology,5.0,6,500,9,2024/2025,2.83,16,3.51,162,9,3,False,-0.11949642583906969,0.41507492768453047,3.113852747178706,18.0,3.6,3.46,Second Class Lower,Low
STU_0060,"University of Nigeria, Nsukka",Science,Biology,Cell Biology,5.0,6,500,10,2024/2025,3.6,14,3.52,176,10,2,False,-0.07994304528506022,0.39341322122821326,3.252708419538409,17.6,3.58,3.46,Second Class Lower,Low
STU_0060,"University of Nigeria, Nsukka",Science,Biology,Cell Biology,5.0,6,500,11,2025/2026,3.58,14,3.52,190,11,1,False,-0.0556155100131207,0.37433408930946754,3.3403303812497662,17.272727272727273,2.6,3.46,Second Class Lower,Low
STU_0060,"University of Nigeria, Nsukka",Science,Biology,Cell Biology,5.0,6,500,12,2025/2026,2.6,14,3.46,204,12,0,True,-0.07737748262881887,0.44137620561696067,3.2614729032161125,17.0,,3.46,Second Class Lower,Low
STU_0061,"University of Nigeria, Nsukka",Engineering,Chemical,Chemical Engineering,5.0,6,100,1,2021/2022,2.16,18,2.16,18,1,11,False,0.0,0.0,2.1626155101811912,18.0,2.05,2.18,Third Class,Medium
STU_0061,"University of Nigeria, Nsukka",Engineering,Chemical,Chemical Engineering,5.0,6,100,2,2021/2022,2.05,21,2.1,39,2,10,False,-0.10970470869188365,0.07757294344412571,2.1077631558352494,19.5,1.53,2.18,Third Class,Medium
STU_0061,"University of Nigeria, Nsukka",Engineering,Chemical,Chemical Engineering,5.0,6,200,3,2022/2023,1.53,20,1.91,59,3,9,False,-0.31578397690049465,0.3374547994357531,1.9155246226835672,19.666666666666668,2.27,2.18,Third Class,High
STU_0061,"University of Nigeria, Nsukka",Engineering,Chemical,Chemical Engineering,5.0,6,200,4,2022/2023,2.27,19,2.0,78,4,8,False,-0.020319881077854297,0.3272988970818518,1.9509317820536296,19.5,2.33,2.18,Third Class,Medium
STU_0061,"University of Nigeria, Nsukka",Engineering,Chemical,Chemical Engineering,5.0,6,300,5,2023/2024,2.33,18,2.06,96,5,7,False,0.05524704286438942,0.3189573535958312,2.0435907252578946,19.2,2.53,2.18,Third Class,Medium
STU_0061,"University of Nigeria, Nsukka",Engineering,Chemical,Chemical Engineering,5.0,6,300,6,2023/2024,2.53,19,2.14,115,6,6,False,0.09755933500646838,0.3419792688844481,2.3769704968233465,19.166666666666668,2.27,2.18,Third Class,Medium
STU_0061,"University of Nigeria, Nsukka",Engineering,Chemical,Chemical Engineering,5.0,6,400,7,2024/2025,2.27,17,2.15,132,7,5,False,0.07406184719467275,0.31557823731070134,2.37682328273711,18.857142857142858,2.52,2.18,Third Class,Medium
STU_0061,"University of Nigeria, Nsukka",Engineering,Chemical,Chemical Engineering,5.0,6,400,8,2024/2025,2.52,18,2.2,150,8,4,False,0.07901924231249562,0.3180897028060324,2.439671863603141,18.75,2.49,2.18,Third Class,Medium
STU_0061,"University of Nigeria, Nsukka",Engineering,Chemical,Chemical Engineering,5.0,6,500,9,2025/2026,2.49,14,2.22,164,9,3,False,0.07438955122473581,0.31245935557810545,2.427378067868133,18.22222222222222,2.65,2.18,Third Class,Medium
STU_0061,"University of Nigeria, Nsukka",Engineering,Chemical,Chemical Engineering,5.0,6,500,10,2025/2026,2.65,17,2.26,181,10,2,False,0.0765789660299113,0.32212505121030616,2.555261204749547,18.1,1.6,2.18,Third Class,Medium
STU_0061,"University of Nigeria, Nsukka",Engineering,Chemical,Chemical Engineering,5.0,6,500,11,2026/2027,1.6,14,2.22,195,11,1,False,0.02631477088833134,0.3687798680959409,2.247629564159468,17.727272727272727,1.68,2.18,Third Class,Medium
STU_0061,"University of Nigeria, Nsukka",Engineering,Chemical,Chemical Engineering,5.0,6,500,12,2026/2027,1.68,15,2.18,210,12,0,True,-0.000516480009524737,0.38459100353992787,1.9759289450682003,17.5,,2.18,Third Class,Medium
STU_0062,University of Ibadan,Arts,English,English Language,5.0,6,100,1,2022/2023,4.45,21,4.45,21,1,11,False,0.0,0.0,4.451149079196093,21.0,4.14,4.12,Second Class Upper,Low
STU_0062,University of Ibadan,Arts,English,English Language,5.0,6,100,2,2022/2023,4.14,20,4.3,41,2,10,False,-0.3119418646393406,0.22057620782245382,4.295178146876423,20.5,4.53,4.12,Second Class Upper,Low
STU_0062,University of Ibadan,Arts,English,English Language,5.0,6,200,3,2023/2024,4.53,22,4.38,63,3,9,False,0.04102173103971474,0.20787147241117665,4.3745162783427896,21.0,4.66,4.12,Second Class Upper,Low
STU_0062,University of Ibadan,Arts,English,English Language,5.0,6,200,4,2023/2024,4.66,18,4.44,81,4,8,False,0.10129819867536413,0.2209622896631895,4.443293685013331,20.25,4.02,4.12,Second Class Upper,Low
STU_0062,University of Ibadan,Arts,English,English Language,5.0,6,300,5,2024/2025,4.02,19,4.36,100,5,7,False,-0.03508302903000944,0.27086572182941704,4.402423577401268,20.0,3.27,4.12,Second Class Upper,Low
STU_0062,University of Ibadan,Arts,English,English Language,5.0,6,300,6,2024/2025,3.27,15,4.22,115,6,6,False,-0.17596576500436314,0.5071789870038824,3.9807251190697017,19.166666666666668,3.26,4.12,Second Class Upper,Low
STU_0062,University of Ibadan,Arts,English,English Language,5.0,6,400,7,2025/2026,3.26,17,4.1,132,7,5,False,-0.208541913375754,0.5790104837533506,3.514130175908683,18.857142857142858,4.16,4.12,Second Class Upper,Low
STU_0062,University of Ibadan,Arts,English,English Language,5.0,6,400,8,2025/2026,4.16,15,4.1,147,8,4,False,-0.12945389442727548,0.5375962775081895,3.562295053864363,18.375,4.42,4.12,Second Class Upper,Low
STU_0062,University of Ibadan,Arts,English,English Language,5.0,6,500,9,2026/2027,4.42,14,4.13,161,9,3,False,-0.0668090940644734,0.5167734628208256,3.9454938330917577,17.88888888888889,4.3,4.12,Second Class Upper,Low
STU_0062,University of Ibadan,Arts,English,English Language,5.0,6,500,10,2026/2027,4.3,15,4.14,176,10,2,False,-0.03751012263152624,0.4914337300419088,4.294044148555675,17.6,4.75,4.12,Second Class Upper,Low
STU_0062,University of Ibadan,Arts,English,English Language,5.0,6,500,11,2027/2028,4.75,16,4.19,192,11,1,False,0.000551535581316295,0.5035461086718289,4.4908823456838265,17.454545454545453,3.27,4.12,Second Class Upper,Low
STU_0062,University of Ibadan,Arts,English,English Language,5.0,6,500,12,2027/2028,3.27,17,4.12,209,12,0,True,-0.034573844578583195,0.5472739223324241,4.1076421427639405,17.416666666666668,,4.12,Second Class Upper,Low
STU_0063,Ahmadu Bello University,Engineering,Mechanical,Mechanical Engineering,5.0,4,100,1,2023/2024,0.75,18,0.75,18,1,7,False,0.0,0.0,0.7527001178235182,18.0,1.95,2.08,Third Class,High
STU_0063,Ahmadu Bello University,Engineering,Mechanical,Mechanical Engineering,5.0,4,100,2,2023/2024,1.95,20,1.38,38,2,6,False,1.1976665295525224,0.8468781246467472,1.3515333825997793,19.0,2.0,2.08,Third Class,High
STU_0063,Ahmadu Bello University,Engineering,Mechanical,Mechanical Engineering,5.0,4,200,3,2024/2025,2.0,21,1.6,59,3,5,False,0.6254247991450382,0.7073257467806908,1.5688721604377178,19.666666666666668,2.06,2.08,Third Class,High
STU_0063,Ahmadu Bello University,Engineering,Mechanical,Mechanical Engineering,5.0,4,200,4,2024/2025,2.06,19,1.72,78,4,4,False,0.39806543749936907,0.6279318237314397,2.005257861132844,19.5,2.56,2.08,Third Class,High
STU_0063,Ahmadu Bello University,Engineering,Mechanical,Mechanical Engineering,5.0,4,300,5,2025/2026,2.56,18,1.87,96,5,3,False,0.3724169682243541,0.6678579723792262,2.2081488695671174,19.2,2.33,2.08,Third Class,High
STU_0063,Ahmadu Bello University,Engineering,Mechanical,Mechanical Engineering,5.0,4,300,6,2025/2026,2.33,18,1.95,114,6,2,False,0.27976320448937503,0.6272453459253363,2.3183580419653826,19.0,2.69,2.08,Third Class,High
STU_0063,Ahmadu Bello University,Engineering,Mechanical,Mechanical Engineering,5.0,4,400,7,2026/2027,2.69,19,2.05,133,7,1,False,0.2552187741571111,0.6389368808053117,2.5289739577112726,19.0,2.33,2.08,Third Class,Medium
STU_0063,Ahmadu Bello University,Engineering,Mechanical,Mechanical Engineering,5.0,4,400,8,2026/2027,2.33,15,2.08,148,8,0,True,0.19362009643387962,0.5998658302599076,2.4534479869137256,18.5,,2.08,Third Class,Medium
STU_0064,University of Lagos,Engineering,Chemical,Chemical Engineering,5.0,4,100,1,2024/2025,3.95,22,3.95,22,1,7,False,0.0,0.0,3.9482481105941747,22.0,3.75,3.97,Second Class Upper,Low
STU_0064,University of Lagos,Engineering,Chemical,Chemical Engineering,5.0,4,100,2,2024/2025,3.75,21,3.85,43,2,6,False,-0.20251370502448518,0.14319881410602567,3.846991258081932,21.5,3.62,3.97,Second Class Upper,Low
STU_0064,University of Lagos,Engineering,Chemical,Chemical Engineering,5.0,4,200,3,2025/2026,3.62,18,3.78,61,3,5,False,-0.16632045061352163,0.16762798945056023,3.7698632418436655,20.333333333333332,3.61,3.97,Second Class Upper,Low
STU_0064,University of Lagos,Engineering,Chemical,Chemical Engineering,5.0,4,200,4,2025/2026,3.61,18,3.74,79,4,4,False,-0.11440551109576771,0.15843008528730737,3.657204584648652,19.75,4.06,3.97,Second Class Upper,Low
STU_0064,University of Lagos,Engineering,Chemical,Chemical Engineering,5.0,4,300,5,2026/2027,4.06,18,3.8,97,5,3,False,0.009301419215457685,0.20233411785428818,3.7627885627760023,19.4,4.28,3.97,Second Class Upper,Low
STU_0064,University of Lagos,Engineering,Chemical,Chemical Engineering,5.0,4,300,6,2026/2027,4.28,19,3.88,116,6,2,False,0.07386659618709696,0.2667001291216302,3.9830295387690327,19.333333333333332,4.29,3.97,Second Class Upper,Low
STU_0064,University of Lagos,Engineering,Chemical,Chemical Engineering,5.0,4,400,7,2027/2028,4.29,19,3.94,135,7,1,False,0.09068980778641059,0.2897290614668905,4.210270865284248,19.285714285714285,4.3,3.97,Second Class Upper,Low
STU_0064,University of Lagos,Engineering,Chemical,Chemical Engineering,5.0,4,400,8,2027/2028,4.3,15,3.97,150,8,0,True,0.09115227633675468,0.29817362143378645,4.29081524894992,18.75,,3.97,Second Class Upper,Low
STU_0065,Ahmadu Bello University,Science,Computer Science,Computer Science,5.0,6,100,1,2020/2021,1.24,22,1.24,22,1,11,False,0.0,0.0,1.244792132080106,22.0,1.77,1.66,Third Class,High
STU_0065,Ahmadu Bello University,Science,Computer Science,Computer Science,5.0,6,100,2,2020/2021,1.77,22,1.51,44,2,10,False,0.5236249634619174,0.37025876246248,1.506604613811065,22.0,2.45,1.66,Third Class,High
STU_0065,Ahmadu Bello University,Science,Computer Science,Computer Science,5.0,6,200,3,2021/2022,2.45,22,1.82,66,3,9,False,0.6011366840342743,0.6028001342350149,1.8200915759235947,22.0,1.58,1.66,Third Class,High
STU_0065,Ahmadu Bello University,Science,Computer Science,Computer Science,5.0,6,200,4,2021/2022,1.58,22,1.76,88,4,8,False,0.1694006133554899,0.5062306235503934,1.9329091013622912,22.0,1.71,1.66,Third Class,High
STU_0065,Ahmadu Bello University,Science,Computer Science,Computer Science,5.0,6,300,5,2022/2023,1.71,15,1.75,103,5,7,False,0.07528714908780117,0.438913568762952,1.9147080932122922,20.6,1.47,1.66,Third Class,High
STU_0065,Ahmadu Bello University,Science,Computer Science,Computer Science,5.0,6,300,6,2022/2023,1.47,18,1.71,121,6,6,False,0.002983451436803573,0.40891008267981216,1.589420348215481,20.166666666666668,0.67,1.66,Third Class,High
STU_0065,Ahmadu Bello University,Science,Computer Science,Computer Science,5.0,6,400,7,2023/2024,0.67,18,1.58,139,7,5,False,-0.10879195572794324,0.5401114233681468,1.2856590816036537,19.857142857142858,2.01,1.66,Third Class,High
STU_0065,Ahmadu Bello University,Science,Computer Science,Computer Science,5.0,6,400,8,2023/2024,2.01,15,1.62,154,8,4,False,-0.03439796214861414,0.5255627171248753,1.3859790284424627,19.25,1.86,1.66,Third Class,High
STU_0065,Ahmadu Bello University,Science,Computer Science,Computer Science,5.0,6,500,9,2024/2025,1.86,16,1.64,170,9,3,False,-0.007602110320676425,0.4984736647040961,1.5160968639975894,18.88888888888889,1.55,1.66,Third Class,High
STU_0065,Ahmadu Bello University,Science,Computer Science,Computer Science,5.0,6,500,10,2024/2025,1.55,15,1.63,185,10,2,False,-0.0107852186702932,0.47095246131556223,1.8072772471548622,18.5,1.73,1.66,Third Class,High
STU_0065,Ahmadu Bello University,Science,Computer Science,Computer Science,5.0,6,500,11,2025/2026,1.73,15,1.64,200,11,1,False,-0.003647870035102573,0.44775484931405174,1.7123312131293222,18.181818181818183,1.87,1.66,Third Class,High
STU_0065,Ahmadu Bello University,Science,Computer Science,Computer Science,5.0,6,500,12,2025/2026,1.87,13,1.66,213,12,0,True,0.006008404797417269,0.4320131369258371,1.7152429077262514,17.75,,1.66,Third Class,High
STU_0066,Obafemi Awolowo University,Engineering,Mechanical,Mechanical Engineering,5.0,6,100,1,2021/2022,2.66,18,2.66,18,1,11,False,0.0,0.0,2.6608114546157737,18.0,2.19,2.4,Second Class Lower,Medium
STU_0066,Obafemi Awolowo University,Engineering,Mechanical,Mechanical Engineering,5.0,6,100,2,2021/2022,2.19,21,2.41,39,2,10,False,-0.4706959636101593,0.3328323077458801,2.4254634728106943,19.5,2.34,2.4,Second Class Lower,Medium
STU_0066,Obafemi Awolowo University,Engineering,Mechanical,Mechanical Engineering,5.0,6,200,3,2022/2023,2.34,18,2.38,57,3,9,False,-0.16226995468938377,0.24091576506010165,2.3957328302861316,19.0,2.41,2.4,Second Class Lower,Medium
STU_0066,Obafemi Awolowo University,Engineering,Mechanical,Mechanical Engineering,5.0,6,200,4,2022/2023,2.41,20,2.39,77,4,8,False,-0.06208760890520439,0.19676305483140819,2.3105070365879716,19.25,2.36,2.4,Second Class Lower,Medium
STU_0066,Obafemi Awolowo University,Engineering,Mechanical,Mechanical Engineering,5.0,6,300,5,2023/2024,2.36,16,2.39,93,5,7,False,-0.0377829317115828,0.17106681148312927,2.3685977078527736,18.6,2.49,2.4,Second Class Lower,Medium
STU_0066,Obafemi Awolowo University,Engineering,Mechanical,Mechanical Engineering,5.0,6,300,6,2023/2024,2.49,15,2.4,108,6,6,False,-0.006892516832739976,0.15866717736879013,2.4212499003914694,18.0,1.96,2.4,Second Class Lower,Medium
STU_0066,Obafemi Awolowo University,Engineering,Mechanical,Mechanical Engineering,5.0,6,400,7,2024/2025,1.96,16,2.34,124,7,5,False,-0.05284649014811116,0.22427334411817787,2.27135981104462,17.714285714285715,2.41,2.4,Second Class Lower,Medium
STU_0066,Obafemi Awolowo University,Engineering,Mechanical,Mechanical Engineering,5.0,6,400,8,2024/2025,2.41,15,2.35,139,8,4,False,-0.030018813223589697,0.2088109934605743,2.285337077779196,17.375,2.33,2.4,Second Class Lower,Medium
STU_0066,Obafemi Awolowo University,Engineering,Mechanical,Mechanical Engineering,5.0,6,500,9,2025/2026,2.33,15,2.35,154,9,3,False,-0.022464350994750304,0.19545952350084622,2.230535599075198,17.11111111111111,2.52,2.4,Second Class Lower,Medium
STU_0066,Obafemi Awolowo University,Engineering,Mechanical,Mechanical Engineering,5.0,6,500,10,2025/2026,2.52,15,2.36,169,10,2,False,-0.006796040316481305,0.19240468009481318,2.420082125263431,16.9,2.7,2.4,Second Class Lower,Medium
STU_0066,Obafemi Awolowo University,Engineering,Mechanical,Mechanical Engineering,5.0,6,500,11,2026/2027,2.7,17,2.39,186,11,1,False,0.010270583977705503,0.2090665008157109,2.5195601402827976,16.90909090909091,2.43,2.4,Second Class Lower,Medium
STU_0066,Obafemi Awolowo University,Engineering,Mechanical,Mechanical Engineering,5.0,6,500,12,2026/2027,2.43,16,2.4,202,12,0,True,0.009226751567905532,0.1995854930949813,2.5535805536930813,16.833333333333332,,2.4,Second Class Lower,Medium
STU_0067,Ahmadu Bello University,Engineering,Chemical,Chemical Engineering,5.0,5,100,1,2022/2023,3.23,21,3.23,21,1,9,False,0.0,0.0,3.2254382654118947,21.0,3.23,3.39,Second Class Lower,Low
STU_0067,Ahmadu Bello University,Engineering,Chemical,Chemical Engineering,5.0,5,100,2,2022/2023,3.23,20,3.23,41,2,8,False,0.002733335848753349,0.0019327603139137803,3.2268049333362714,20.5,3.25,3.39,Second Class Lower,Low
STU_0067,Ahmadu Bello University,Engineering,Chemical,Chemical Engineering,5.0,5,200,3,2023/2024,3.25,22,3.23,63,3,7,False,0.010219085509762582,0.011095428096815652,3.2331621010346545,21.0,3.36,3.39,Second Class Lower,Low
STU_0067,Ahmadu Bello University,Engineering,Chemical,Chemical Engineering,5.0,5,200,4,2023/2024,3.36,20,3.26,83,4,6,False,0.04126347515037891,0.06261853639285321,3.277043202849434,20.75,3.1,3.39,Second Class Lower,Low
STU_0067,Ahmadu Bello University,Engineering,Chemical,Chemical Engineering,5.0,5,300,5,2024/2025,3.1,15,3.24,98,5,5,False,-0.011853388477850713,0.09064892662572932,3.234891448504167,19.6,2.79,3.39,Second Class Lower,Low
STU_0067,Ahmadu Bello University,Engineering,Chemical,Chemical Engineering,5.0,5,300,6,2024/2025,2.79,18,3.17,116,6,4,False,-0.06915301761114634,0.19583689080349104,3.0845990607171565,19.333333333333332,3.74,3.39,Second Class Lower,Low
STU_0067,Ahmadu Bello University,Engineering,Chemical,Chemical Engineering,5.0,5,400,7,2025/2026,3.74,15,3.24,131,7,3,False,0.019215856314667934,0.283676655272815,3.2127789290576874,18.714285714285715,3.64,3.39,Second Class Lower,Low
STU_0067,Ahmadu Bello University,Engineering,Chemical,Chemical Engineering,5.0,5,400,8,2025/2026,3.64,18,3.28,149,8,2,False,0.04617338382808615,0.29834840773221766,3.3930344805575516,18.625,3.9,3.39,Second Class Lower,Low
STU_0067,Ahmadu Bello University,Engineering,Chemical,Chemical Engineering,5.0,5,500,9,2026/2027,3.9,17,3.35,166,9,1,False,0.07272706158226268,0.3445298264596133,3.760787672957839,18.444444444444443,3.84,3.39,Second Class Lower,Low
STU_0067,Ahmadu Bello University,Engineering,Chemical,Chemical Engineering,5.0,5,500,10,2026/2027,3.84,14,3.39,180,10,0,True,0.0790259718219691,0.35842289720589343,3.7931244834016127,18.0,,3.39,Second Class Lower,Low
STU_0068,"University of Nigeria, Nsukka",Social Sciences,Sociology,Sociology,5.0,5,100,1,2023/2024,1.87,18,1.87,18,1,9,False,0.0,0.0,1.8668917660001332,18.0,2.72,2.7,Second Class Lower,High
STU_0068,"University of Nigeria, Nsukka",Social Sciences,Sociology,Sociology,5.0,5,100,2,2023/2024,2.72,18,2.3,36,2,8,False,0.8571798875049852,0.606117711151497,2.2954817097526257,18.0,2.76,2.7,Second Class Lower,Medium
STU_0068,"University of Nigeria, Nsukka",Social Sciences,Sociology,Sociology,5.0,5,200,3,2024/2025,2.76,21,2.47,57,3,7,False,0.4465466127396708,0.5055793107555947,2.4503161369949087,19.0,2.74,2.7,Second Class Lower,Medium
STU_0068,"University of Nigeria, Nsukka",Social Sciences,Sociology,Sociology,5.0,5,200,4,2024/2025,2.74,20,2.54,77,4,6,False,0.26657928423776756,0.4380625891025288,2.7425249708175,19.25,3.05,2.7,Second Class Lower,Medium
STU_0068,"University of Nigeria, Nsukka",Social Sciences,Sociology,Sociology,5.0,5,300,5,2025/2026,3.05,19,2.64,96,5,5,False,0.23856061164522063,0.4464683741358204,2.851158258730741,19.2,2.69,2.7,Second Class Lower,Medium
STU_0068,"University of Nigeria, Nsukka",Social Sciences,Sociology,Sociology,5.0,5,300,6,2025/2026,2.69,16,2.65,112,6,4,False,0.1444549367400951,0.4000095098153451,2.8264398448173425,18.666666666666668,2.73,2.7,Second Class Lower,Medium
STU_0068,"University of Nigeria, Nsukka",Social Sciences,Sociology,Sociology,5.0,5,400,7,2026/2027,2.73,15,2.66,127,7,3,False,0.1005629648808671,0.3669529010823629,2.823371044153706,18.142857142857142,2.96,2.7,Second Class Lower,Medium
STU_0068,"University of Nigeria, Nsukka",Social Sciences,Sociology,Sociology,5.0,5,400,8,2026/2027,2.96,16,2.69,143,8,2,False,0.09293153941646512,0.35704752426294367,2.7942997330991517,17.875,2.76,2.7,Second Class Lower,Medium
STU_0068,"University of Nigeria, Nsukka",Social Sciences,Sociology,Sociology,5.0,5,500,9,2027/2028,2.76,17,2.7,160,9,1,False,0.06957579235045876,0.3347523975119744,2.8186141151055133,17.77777777777778,2.7,2.7,Second Class Lower,Medium
STU_0068,"University of Nigeria, Nsukka",Social Sciences,Sociology,Sociology,5.0,5,500,10,2027/2028,2.7,16,2.7,176,10,0,True,0.050452414246471,0.31560875596822435,2.8057569584415503,17.6,,2.7,Second Class Lower,Medium
STU_0069,University of Ibadan,Medical Sciences,Pharmacy,Pharmacy,5.0,6,100,1,2024/2025,3.38,21,3.38,21,1,11,False,0.0,0.0,3.3837514451633175,21.0,2.9,2.9,Second Class Lower,Low
STU_0069,University of Ibadan,Medical Sciences,Pharmacy,Pharmacy,5.0,6,100,2,2024/2025,2.9,20,3.15,41,2,10,False,-0.4847687348265475,0.342783259703075,3.1413670777500435,20.5,3.08,2.9,Second Class Lower,Low
STU_0069,University of Ibadan,Medical Sciences,Pharmacy,Pharmacy,5.0,6,200,3,2025/2026,3.08,20,3.13,61,3,9,False,-0.1498314792767632,0.2446299121135236,3.122274214036626,20.333333333333332,3.12,2.9,Second Class Lower,Low
STU_0069,University of Ibadan,Medical Sciences,Pharmacy,Pharmacy,5.0,6,200,4,2025/2026,3.12,19,3.12,80,4,8,False,-0.06085376322406311,0.19974538718855375,3.034091613090665,20.0,3.03,2.9,Second Class Lower,Low
STU_0069,University of Ibadan,Medical Sciences,Pharmacy,Pharmacy,5.0,6,300,5,2026/2027,3.03,15,3.11,95,5,7,False,-0.04839379102346113,0.1775886087177934,3.078321384328968,19.0,2.96,2.9,Second Class Lower,Low
STU_0069,University of Ibadan,Medical Sciences,Pharmacy,Pharmacy,5.0,6,300,6,2026/2027,2.96,15,3.09,110,6,6,False,-0.04752680168425696,0.16868772927429296,3.038434293459519,18.333333333333332,3.04,2.9,Second Class Lower,Low
STU_0069,University of Ibadan,Medical Sciences,Pharmacy,Pharmacy,5.0,6,400,7,2027/2028,3.04,16,3.08,126,7,5,False,-0.03446735437762126,0.15490412311624488,3.01066595358941,18.0,2.8,2.9,Second Class Lower,Low
STU_0069,University of Ibadan,Medical Sciences,Pharmacy,Pharmacy,5.0,6,400,8,2027/2028,2.8,18,3.05,144,8,4,False,-0.04544824461561146,0.1722080489699941,2.9348963952216582,18.0,2.77,2.9,Second Class Lower,Low
STU_0069,University of Ibadan,Medical Sciences,Pharmacy,Pharmacy,5.0,6,500,9,2028/2029,2.77,17,3.02,161,9,3,False,-0.04989921685181246,0.1847315462947371,2.86975957470642,17.88888888888889,2.61,2.9,Second Class Lower,Low
STU_0069,University of Ibadan,Medical Sciences,Pharmacy,Pharmacy,5.0,6,500,10,2028/2029,2.61,16,2.98,177,10,2,False,-0.05807616366125636,0.21514314326518993,2.728043117679825,17.7,2.68,2.9,Second Class Lower,Medium
STU_0069,University of Ibadan,Medical Sciences,Pharmacy,Pharmacy,5.0,6,500,11,2029/2030,2.68,17,2.96,194,11,1,False,-0.056727129918088356,0.22201278070610286,2.6867470653760464,17.636363636363637,2.09,2.9,Second Class Lower,Medium
STU_0069,University of Ibadan,Medical Sciences,Pharmacy,Pharmacy,5.0,6,500,12,2029/2030,2.09,13,2.9,207,12,0,True,-0.07658004265041275,0.3254949773411602,2.459520422867818,17.25,,2.9,Second Class Lower,Medium
STU_0070,Ahmadu Bello University,Arts,English,English Language,5.0,6,100,1,2020/2021,3.5,22,3.5,22,1,11,False,0.0,0.0,3.500133660050995,22.0,4.05,3.61,Second Class Upper,Low
STU_0070,Ahmadu Bello University,Arts,English,English Language,5.0,6,100,2,2020/2021,4.05,22,3.77,44,2,10,False,0.5472273573631812,0.3869481752422996,3.7737473387325857,22.0,4.14,3.61,Second Class Upper,Low
STU_0070,Ahmadu Bello University,Arts,English,English Language,5.0,6,200,3,2021/2022,4.14,20,3.89,64,3,9,False,0.3207688211816193,0.34639157925495856,3.896388659959802,21.333333333333332,3.37,3.61,Second Class Upper,Low
STU_0070,Ahmadu Bello University,Arts,English,English Language,5.0,6,200,4,2021/2022,3.37,20,3.76,84,4,8,False,-0.03083339424241611,0.38773825494605585,3.851650412468222,21.0,3.93,3.61,Second Class Upper,Low
STU_0070,Ahmadu Bello University,Arts,English,English Language,5.0,6,300,5,2022/2023,3.93,16,3.79,100,5,7,False,0.01794133378448075,0.3439760266224725,3.8127171996276163,20.0,3.49,3.61,Second Class Upper,Low
STU_0070,Ahmadu Bello University,Arts,English,English Language,5.0,6,300,6,2022/2023,3.49,16,3.75,116,6,6,False,-0.03414629267829291,0.3327971539874667,3.5942733892840817,19.333333333333332,3.52,3.61,Second Class Upper,Low
STU_0070,Ahmadu Bello University,Arts,English,English Language,5.0,6,400,7,2023/2024,3.52,17,3.72,133,7,5,False,-0.045205018650415166,0.31524863447116364,3.6465018249280328,19.0,2.73,3.61,Second Class Upper,Low
STU_0070,Ahmadu Bello University,Arts,English,English Language,5.0,6,400,8,2023/2024,2.73,19,3.6,152,8,4,False,-0.11210614855470384,0.4540112401799685,3.246274457586194,19.0,3.31,3.61,Second Class Upper,Low
STU_0070,Ahmadu Bello University,Arts,English,English Language,5.0,6,500,9,2024/2025,3.31,14,3.57,166,9,3,False,-0.09729145634775689,0.43498570207136256,3.1869283073737704,18.444444444444443,3.34,3.61,Second Class Upper,Low
STU_0070,Ahmadu Bello University,Arts,English,English Language,5.0,6,500,10,2024/2025,3.34,13,3.56,179,10,2,False,-0.08261751437898869,0.4158325883992111,3.126647490280351,17.9,4.13,3.61,Second Class Upper,Low
STU_0070,Ahmadu Bello University,Arts,English,English Language,5.0,6,500,11,2025/2026,4.13,14,3.6,193,11,1,False,-0.0350244283938396,0.43307690018679074,3.593389346957045,17.545454545454547,3.76,3.61,Second Class Upper,Low
STU_0070,Ahmadu Bello University,Arts,English,English Language,5.0,6,500,12,2025/2026,3.76,14,3.61,207,12,0,True,-0.020490154550271856,0.4157522640662654,3.743647289594461,17.25,,3.61,Second Class Upper,Low
STU_0071,"University of Nigeria, Nsukka",Science,Chemistry,Industrial Chemistry,5.0,5,100,1,2021/2022,3.98,20,3.98,20,1,9,False,0.0,0.0,3.9769659028153717,20.0,4.2,3.68,Second Class Upper,Low
STU_0071,"University of Nigeria, Nsukka",Science,Chemistry,Industrial Chemistry,5.0,5,100,2,2021/2022,4.2,18,4.08,38,2,8,False,0.22734442754258577,0.1607567863803361,4.090638116586664,19.0,3.58,3.68,Second Class Upper,Low
STU_0071,"University of Nigeria, Nsukka",Science,Chemistry,Industrial Chemistry,5.0,5,200,3,2022/2023,3.58,21,3.9,59,3,7,False,-0.20015731303400552,0.31777695955863644,3.919309169973563,19.666666666666668,4.37,3.68,Second Class Upper,Low
STU_0071,"University of Nigeria, Nsukka",Science,Chemistry,Industrial Chemistry,5.0,5,200,4,2022/2023,4.37,21,4.03,80,4,6,False,0.054724999411084906,0.343201882890093,4.04985461972039,20.0,3.24,3.68,Second Class Upper,Low
STU_0071,"University of Nigeria, Nsukka",Science,Chemistry,Industrial Chemistry,5.0,5,300,5,2023/2024,3.24,19,3.88,99,5,5,False,-0.1309468346988809,0.4622227559438593,3.7284464324250775,19.8,3.02,3.68,Second Class Upper,Low
STU_0071,"University of Nigeria, Nsukka",Science,Chemistry,Industrial Chemistry,5.0,5,300,6,2023/2024,3.02,17,3.75,116,6,4,False,-0.1969362696589156,0.5410091278212634,3.5424148592669,19.333333333333332,3.92,3.68,Second Class Upper,Low
STU_0071,"University of Nigeria, Nsukka",Science,Chemistry,Industrial Chemistry,5.0,5,400,7,2024/2025,3.92,16,3.77,132,7,3,False,-0.102301305087201,0.4992841652074822,3.3944956886316255,18.857142857142858,3.01,3.68,Second Class Upper,Low
STU_0071,"University of Nigeria, Nsukka",Science,Chemistry,Industrial Chemistry,5.0,5,400,8,2024/2025,3.01,19,3.68,151,8,2,False,-0.13059359849536115,0.5326761933259577,3.317754129576397,18.875,3.03,3.68,Second Class Upper,Low
STU_0071,"University of Nigeria, Nsukka",Science,Chemistry,Industrial Chemistry,5.0,5,500,9,2025/2026,3.03,17,3.61,168,9,1,False,-0.13389751276445735,0.5416585003832131,3.3208202213626716,18.666666666666668,4.48,3.68,Second Class Upper,Low
STU_0071,"University of Nigeria, Nsukka",Science,Chemistry,Industrial Chemistry,5.0,5,500,10,2025/2026,4.48,14,3.68,182,10,0,True,-0.04926742098804791,0.5818920143156702,3.504620486516972,18.2,,3.68,Second Class Upper,Low
STU_0072,Ahmadu Bello University,Science,Mathematics,Mathematics,5.0,6,100,1,2022/2023,2.95,19,2.95,19,1,11,False,0.0,0.0,2.951752867176923,19.0,3.16,2.79,Second Class Lower,Medium
STU_0072,Ahmadu Bello University,Science,Mathematics,Mathematics,5.0,6,100,2,2022/2023,3.16,22,3.07,41,2,10,False,0.21196548470929644,0.14988223161543696,3.057735609531571,20.5,3.09,2.79,Second Class Lower,Low
STU_0072,Ahmadu Bello University,Science,Mathematics,Mathematics,5.0,6,200,3,2023/2024,3.09,20,3.07,61,3,9,False,0.0683792024049974,0.10746187917986028,3.0679941636833536,20.333333333333332,2.92,2.79,Second Class Lower,Low
STU_0072,Ahmadu Bello University,Science,Mathematics,Mathematics,5.0,6,200,4,2023/2024,2.92,19,3.04,80,4,8,False,-0.01562712546339564,0.11326850003665814,3.058987033157281,20.0,2.86,2.79,Second Class Lower,Low
STU_0072,Ahmadu Bello University,Science,Mathematics,Mathematics,5.0,6,300,5,2024/2025,2.86,17,3.01,97,5,7,False,-0.042511622509300254,0.12506834766265276,2.957310313453267,19.4,3.23,2.79,Second Class Lower,Low
STU_0072,Ahmadu Bello University,Science,Mathematics,Mathematics,5.0,6,300,6,2024/2025,3.23,19,3.04,116,6,6,False,0.008612480511193813,0.14613676456166602,3.00374465129101,19.333333333333332,2.17,2.79,Second Class Lower,Low
STU_0072,Ahmadu Bello University,Science,Mathematics,Mathematics,5.0,6,400,7,2025/2026,2.17,19,2.92,135,7,5,False,-0.08772222732373146,0.35450228427223773,2.751130542586017,19.285714285714285,1.91,2.79,Second Class Lower,Medium
STU_0072,Ahmadu Bello University,Science,Mathematics,Mathematics,5.0,6,400,8,2025/2026,1.91,15,2.82,150,8,4,False,-0.14187723716935036,0.48260343173567755,2.435227926057021,18.75,2.97,2.79,Second Class Lower,Medium
STU_0072,Ahmadu Bello University,Science,Mathematics,Mathematics,5.0,6,500,9,2026/2027,2.97,17,2.83,167,9,3,False,-0.08739888032814679,0.45534833318415485,2.3477443400753817,18.555555555555557,2.7,2.79,Second Class Lower,Medium
STU_0072,Ahmadu Bello University,Science,Mathematics,Mathematics,5.0,6,500,10,2026/2027,2.7,14,2.82,181,10,2,False,-0.06948798306922432,0.4306786459902669,2.52473676795506,18.1,2.25,2.79,Second Class Lower,Medium
STU_0072,Ahmadu Bello University,Science,Mathematics,Mathematics,5.0,6,500,11,2027/2028,2.25,17,2.77,198,11,1,False,-0.07676044398672324,0.44006710089886836,2.6388945011464924,18.0,2.96,2.79,Second Class Lower,Medium
STU_0072,Ahmadu Bello University,Science,Mathematics,Mathematics,5.0,6,500,12,2027/2028,2.96,17,2.79,215,12,0,True,-0.05097602892519893,0.42393727322506797,2.6358315933403773,17.916666666666668,,2.79,Second Class Lower,Medium
STU_0073,"University of Nigeria, Nsukka",Science,Biology,Cell Biology,5.0,5,100,1,2023/2024,2.7,22,2.7,22,1,9,False,0.0,0.0,2.7018139304184787,22.0,2.84,2.73,Second Class Lower,Medium
STU_0073,"University of Nigeria, Nsukka",Science,Biology,Cell Biology,5.0,5,100,2,2023/2024,2.84,20,2.77,42,2,8,False,0.13567302602087716,0.09593531672346116,2.769650443428917,21.0,2.47,2.73,Second Class Lower,Medium
STU_0073,"University of Nigeria, Nsukka",Science,Biology,Cell Biology,5.0,5,200,3,2024/2025,2.47,20,2.67,62,3,7,False,-0.11472203010080917,0.18455452374256534,2.6705569190248983,20.666666666666668,2.74,2.73,Second Class Lower,Medium
STU_0073,"University of Nigeria, Nsukka",Science,Biology,Cell Biology,5.0,5,200,4,2024/2025,2.74,21,2.69,83,4,6,False,-0.023718928033059992,0.15515219314003295,2.6847711196795534,20.75,2.59,2.73,Second Class Lower,Medium
STU_0073,"University of Nigeria, Nsukka",Science,Biology,Cell Biology,5.0,5,300,5,2025/2026,2.59,16,2.67,99,5,5,False,-0.030860960641538693,0.14092351346412227,2.603616913946182,19.8,2.57,2.73,Second Class Lower,Medium
STU_0073,"University of Nigeria, Nsukka",Science,Biology,Cell Biology,5.0,5,300,6,2025/2026,2.57,18,2.66,117,6,4,False,-0.03239657286577997,0.13291778959505998,2.6350596766222187,19.5,2.91,2.73,Second Class Lower,Medium
STU_0073,"University of Nigeria, Nsukka",Science,Biology,Cell Biology,5.0,5,400,7,2026/2027,2.91,17,2.69,134,7,3,False,0.007211832765870563,0.15526157794844408,2.689940414279871,19.142857142857142,2.96,2.73,Second Class Lower,Medium
STU_0073,"University of Nigeria, Nsukka",Science,Biology,Cell Biology,5.0,5,400,8,2026/2027,2.96,18,2.72,152,8,2,False,0.02744995736940479,0.1728882872511366,2.8123076496019337,19.0,2.53,2.73,Second Class Lower,Medium
STU_0073,"University of Nigeria, Nsukka",Science,Biology,Cell Biology,5.0,5,500,9,2027/2028,2.53,13,2.71,165,9,1,False,0.0065937655153843165,0.1735984880440792,2.801430347700206,18.333333333333332,3.04,2.73,Second Class Lower,Medium
STU_0073,"University of Nigeria, Nsukka",Science,Biology,Cell Biology,5.0,5,500,10,2027/2028,3.04,13,2.73,178,10,0,True,0.02318565775342143,0.19533353982015833,2.8448982658228643,17.8,,2.73,Second Class Lower,Medium
STU_0074,"University of Nigeria, Nsukka",Science,Mathematics,Mathematics,5.0,6,100,1,2024/2025,3.52,19,3.52,19,1,11,False,0.0,0.0,3.5151099603219356,19.0,3.65,3.29,Second Class Lower,Low
STU_0074,"University of Nigeria, Nsukka",Science,Mathematics,Mathematics,5.0,6,100,2,2024/2025,3.65,21,3.59,40,2,10,False,0.13675181901089406,0.09669813856219861,3.5834858698273826,20.0,3.17,3.29,Second Class Lower,Low
STU_0074,"University of Nigeria, Nsukka",Science,Mathematics,Mathematics,5.0,6,200,3,2025/2026,3.17,18,3.46,58,3,9,False,-0.1724980197635222,0.24826206801752318,3.445695220149885,19.333333333333332,3.14,3.29,Second Class Lower,Low
STU_0074,"University of Nigeria, Nsukka",Science,Mathematics,Mathematics,5.0,6,200,4,2025/2026,3.14,20,3.38,78,4,8,False,-0.15993292251241872,0.2530981008321898,3.321519512751413,19.5,3.21,3.29,Second Class Lower,Low
STU_0074,"University of Nigeria, Nsukka",Science,Mathematics,Mathematics,5.0,6,300,5,2026/2027,3.21,18,3.35,96,5,7,False,-0.11135514155165512,0.2301526292204686,3.1752234940294084,19.2,3.26,3.29,Second Class Lower,Low
STU_0074,"University of Nigeria, Nsukka",Science,Mathematics,Mathematics,5.0,6,300,6,2026/2027,3.26,16,3.33,112,6,6,False,-0.07514289656946771,0.20846670668087777,3.2045017652874264,18.666666666666668,3.22,3.29,Second Class Lower,Low
STU_0074,"University of Nigeria, Nsukka",Science,Mathematics,Mathematics,5.0,6,400,7,2027/2028,3.22,16,3.32,128,7,5,False,-0.05809178591113077,0.19430951204135727,3.2307215039796966,18.285714285714285,3.56,3.29,Second Class Lower,Low
STU_0074,"University of Nigeria, Nsukka",Science,Mathematics,Mathematics,5.0,6,400,8,2027/2028,3.56,15,3.34,143,8,4,False,-0.018069681635245947,0.20011029338480854,3.3457835850278026,17.875,3.22,3.29,Second Class Lower,Low
STU_0074,"University of Nigeria, Nsukka",Science,Mathematics,Mathematics,5.0,6,500,9,2028/2029,3.22,13,3.33,156,9,3,False,-0.02086712376259244,0.19164327240224718,3.3324586477829867,17.333333333333332,3.2,3.29,Second Class Lower,Low
STU_0074,"University of Nigeria, Nsukka",Science,Mathematics,Mathematics,5.0,6,500,10,2028/2029,3.2,15,3.32,171,10,2,False,-0.022053010658946458,0.18502942475828588,3.325869629435425,17.1,3.02,3.29,Second Class Lower,Low
STU_0074,"University of Nigeria, Nsukka",Science,Mathematics,Mathematics,5.0,6,500,11,2029/2030,3.02,16,3.3,187,11,1,False,-0.03009616602561554,0.1972269047750794,3.145384045062124,17.0,3.28,3.29,Second Class Lower,Low
STU_0074,"University of Nigeria, Nsukka",Science,Mathematics,Mathematics,5.0,6,500,12,2029/2030,3.28,17,3.29,204,12,0,True,-0.02354517383813614,0.18807175842819893,3.165252795630663,17.0,,3.29,Second Class Lower,Low
STU_0075,"University of Nigeria, Nsukka",Social Sciences,Political Science,Political Science,5.0,5,100,1,2020/2021,2.88,19,2.88,19,1,9,False,0.0,0.0,2.8766164510248102,19.0,3.0,2.8,Second Class Lower,Medium
STU_0075,"University of Nigeria, Nsukka",Social Sciences,Political Science,Political Science,5.0,5,100,2,2020/2021,3.0,22,2.94,41,2,8,False,0.1204800231451042,0.08519224136341537,2.9368564625973623,20.5,2.88,2.8,Second Class Lower,Medium
STU_0075,"University of Nigeria, Nsukka",Social Sciences,Political Science,Political Science,5.0,5,200,3,2021/2022,2.88,20,2.92,61,3,7,False,0.002476600007666807,0.06817430726930056,2.918427525411623,20.333333333333332,2.88,2.8,Second Class Lower,Medium
STU_0075,"University of Nigeria, Nsukka",Social Sciences,Political Science,Political Science,5.0,5,200,4,2021/2022,2.88,18,2.91,79,4,6,False,-0.010118792209637162,0.058662787875668025,2.920020736637556,19.75,2.81,2.8,Second Class Lower,Medium
STU_0075,"University of Nigeria, Nsukka",Social Sciences,Political Science,Political Science,5.0,5,300,5,2022/2023,2.81,15,2.9,94,5,5,False,-0.02568895625879759,0.06862132155345312,2.856329200069076,18.8,2.71,2.8,Second Class Lower,Medium
STU_0075,"University of Nigeria, Nsukka",Social Sciences,Political Science,Political Science,5.0,5,300,6,2022/2023,2.71,17,2.87,111,6,4,False,-0.04037273037656805,0.09569905673966925,2.7987015888822295,18.5,2.75,2.8,Second Class Lower,Medium
STU_0075,"University of Nigeria, Nsukka",Social Sciences,Political Science,Political Science,5.0,5,400,7,2023/2024,2.75,18,2.85,129,7,3,False,-0.03719239453210104,0.09701458922163965,2.753883939107125,18.428571428571427,2.85,2.8,Second Class Lower,Medium
STU_0075,"University of Nigeria, Nsukka",Social Sciences,Political Science,Political Science,5.0,5,400,8,2023/2024,2.85,19,2.85,148,8,2,False,-0.024041176667276724,0.08987496809196423,2.7690978762858847,18.5,2.48,2.8,Second Class Lower,Medium
STU_0075,"University of Nigeria, Nsukka",Social Sciences,Political Science,Political Science,5.0,5,500,9,2024/2025,2.48,16,2.81,164,9,1,False,-0.04106490656706444,0.14748733508914075,2.6929382790536462,18.22222222222222,2.64,2.8,Second Class Lower,Medium
STU_0075,"University of Nigeria, Nsukka",Social Sciences,Political Science,Political Science,5.0,5,500,10,2024/2025,2.64,15,2.8,179,10,0,True,-0.03895017438928251,0.148692993297197,2.6562243522189406,17.9,,2.8,Second Class Lower,Medium
STU_0076,Obafemi Awolowo University,Medical Sciences,Physiotherapy,Physiotherapy,5.0,4,100,1,2021/2022,3.31,22,3.31,22,1,7,False,0.0,0.0,3.307877360220322,22.0,2.82,2.59,Second Class Lower,Low
STU_0076,Obafemi Awolowo University,Medical Sciences,Physiotherapy,Physiotherapy,5.0,4,100,2,2021/2022,2.82,20,3.08,42,2,6,False,-0.488879016518029,0.3456896677597085,3.0634378519613072,21.0,3.1,2.59,Second Class Lower,Low
STU_0076,Obafemi Awolowo University,Medical Sciences,Physiotherapy,Physiotherapy,5.0,4,200,3,2022/2023,3.1,22,3.08,64,3,5,False,-0.10419987586630741,0.24532351677204303,3.0754511041367736,21.333333333333332,2.23,2.59,Second Class Lower,Low
STU_0076,Obafemi Awolowo University,Medical Sciences,Physiotherapy,Physiotherapy,5.0,4,200,4,2022/2023,2.23,22,2.86,86,4,4,False,-0.2961086443844841,0.4689765187245493,2.7152771365111903,21.5,2.97,2.59,Second Class Lower,Medium
STU_0076,Obafemi Awolowo University,Medical Sciences,Physiotherapy,Physiotherapy,5.0,4,300,5,2023/2024,2.97,15,2.88,101,5,3,False,-0.12622991529910355,0.40906693219745166,2.7664607642451475,20.2,2.65,2.59,Second Class Lower,Medium
STU_0076,Obafemi Awolowo University,Medical Sciences,Physiotherapy,Physiotherapy,5.0,4,300,6,2023/2024,2.65,16,2.85,117,6,2,False,-0.10553793877256107,0.37813038619994926,2.617103457789278,19.5,1.84,2.59,Second Class Lower,Medium
STU_0076,Obafemi Awolowo University,Medical Sciences,Physiotherapy,Physiotherapy,5.0,4,400,7,2024/2025,1.84,15,2.74,132,7,1,False,-0.17327316406943963,0.5123090636258156,2.489551325059709,18.857142857142858,1.56,2.59,Second Class Lower,Medium
STU_0076,Obafemi Awolowo University,Medical Sciences,Physiotherapy,Physiotherapy,5.0,4,400,8,2024/2025,1.56,18,2.59,150,8,0,True,-0.21051727134005643,0.6224326971985443,2.0197591608657914,18.75,,2.59,Second Class Lower,Medium
STU_0077,Ahmadu Bello University,Social Sciences,Geography,Geography,5.0,6,100,1,2022/2023,4.52,21,4.52,21,1,11,False,0.0,0.0,4.515507918011464,21.0,3.72,4.31,Second Class Upper,Low
STU_0077,Ahmadu Bello University,Social Sciences,Geography,Geography,5.0,6,100,2,2022/2023,3.72,19,4.14,40,2,10,False,-0.7948111385995302,0.5620163458663288,4.118102348711698,20.0,4.38,4.31,Second Class Upper,Low
STU_0077,Ahmadu Bello University,Social Sciences,Geography,Geography,5.0,6,200,3,2023/2024,4.38,22,4.22,62,3,9,False,-0.06820578193857862,0.4250142861904556,4.205100350519235,20.666666666666668,4.34,4.31,Second Class Upper,Low
STU_0077,Ahmadu Bello University,Social Sciences,Geography,Geography,5.0,6,200,4,2023/2024,4.34,22,4.25,84,4,8,False,0.013741815176788297,0.35369436549589556,4.147213525746513,21.0,4.01,4.31,Second Class Upper,Low
STU_0077,Ahmadu Bello University,Social Sciences,Geography,Geography,5.0,6,300,5,2024/2025,4.01,16,4.22,100,5,7,False,-0.03922589619309162,0.3231862539341705,4.243248967577643,20.0,3.03,4.31,Second Class Upper,Low
STU_0077,Ahmadu Bello University,Social Sciences,Geography,Geography,5.0,6,300,6,2024/2025,3.03,17,4.04,117,6,6,False,-0.1888781162032533,0.5566490044048155,3.7928658799931605,19.5,4.58,4.31,Second Class Upper,Low
STU_0077,Ahmadu Bello University,Social Sciences,Geography,Geography,5.0,6,400,7,2025/2026,4.58,19,4.12,136,7,5,False,-0.0556761866756536,0.5537402696336129,3.8726259712517517,19.428571428571427,4.56,4.31,Second Class Upper,Low
STU_0077,Ahmadu Bello University,Social Sciences,Geography,Geography,5.0,6,400,8,2025/2026,4.56,17,4.17,153,8,4,False,0.0026103653523821373,0.5396606749492472,4.055985105447262,19.125,4.69,4.31,Second Class Upper,Low
STU_0077,Ahmadu Bello University,Social Sciences,Geography,Geography,5.0,6,500,9,2026/2027,4.69,14,4.21,167,9,3,False,0.038693551508816405,0.5374081620671558,4.6115803419851416,18.555555555555557,4.33,4.31,Second Class Upper,Low
STU_0077,Ahmadu Bello University,Social Sciences,Geography,Geography,5.0,6,500,10,2026/2027,4.33,16,4.22,183,10,2,False,0.03503514398303843,0.5082474060691798,4.527730817407893,18.3,4.85,4.31,Second Class Upper,Low
STU_0077,Ahmadu Bello University,Social Sciences,Geography,Geography,5.0,6,500,11,2027/2028,4.85,17,4.27,200,11,1,False,0.05500235794652573,0.5184514812780705,4.6240352766527515,18.181818181818183,4.75,4.31,Second Class Upper,Low
STU_0077,Ahmadu Bello University,Social Sciences,Geography,Geography,5.0,6,500,12,2027/2028,4.75,15,4.31,215,12,0,True,0.06068888367129997,0.5132112559827466,4.6428369105095095,17.916666666666668,,4.31,Second Class Upper,Low
STU_0078,University of Lagos,Medical Sciences,Physiotherapy,Physiotherapy,5.0,6,100,1,2023/2024,4.73,20,4.73,20,1,11,False,0.0,0.0,4.727817509376303,20.0,4.82,4.5,First Class,Low
STU_0078,University of Lagos,Medical Sciences,Physiotherapy,Physiotherapy,5.0,6,100,2,2023/2024,4.82,22,4.78,42,2,10,False,0.09375933195350772,0.06629785942384586,4.774697175353056,21.0,4.74,4.5,First Class,Low
STU_0078,University of Lagos,Medical Sciences,Physiotherapy,Physiotherapy,5.0,6,200,3,2024/2025,4.74,22,4.76,64,3,9,False,0.005810428601852102,0.051108684331760176,4.762944239095373,21.333333333333332,4.26,4.5,First Class,Low
STU_0078,University of Lagos,Medical Sciences,Physiotherapy,Physiotherapy,5.0,6,200,4,2024/2025,4.26,19,4.65,83,4,8,False,-0.14988604615107892,0.2570930104431444,4.6055306850108195,20.75,4.17,4.5,First Class,Low
STU_0078,University of Lagos,Medical Sciences,Physiotherapy,Physiotherapy,5.0,6,300,5,2025/2026,4.17,15,4.57,98,5,7,False,-0.168836495207894,0.3060270127936181,4.387216748047688,19.6,4.31,4.5,First Class,Low
STU_0078,University of Lagos,Medical Sciences,Physiotherapy,Physiotherapy,5.0,6,300,6,2025/2026,4.31,19,4.53,117,6,6,False,-0.12950029943124125,0.28952987925067053,4.244421560448594,19.5,4.47,4.5,First Class,Low
STU_0078,University of Lagos,Medical Sciences,Physiotherapy,Physiotherapy,5.0,6,400,7,2026/2027,4.47,18,4.52,135,7,5,False,-0.08409042630768616,0.2645373080043453,4.317315056157431,19.285714285714285,4.49,4.5,First Class,Low
STU_0078,University of Lagos,Medical Sciences,Physiotherapy,Physiotherapy,5.0,6,400,8,2026/2027,4.49,16,4.52,151,8,4,False,-0.05675158862231216,0.24493151800439625,4.425497910860019,18.875,4.51,4.5,First Class,Low
STU_0078,University of Lagos,Medical Sciences,Physiotherapy,Physiotherapy,5.0,6,500,9,2027/2028,4.51,17,4.52,168,9,3,False,-0.039048447525068454,0.2291375093206416,4.491349395794746,18.666666666666668,4.6,4.5,First Class,Low
STU_0078,University of Lagos,Medical Sciences,Physiotherapy,Physiotherapy,5.0,6,500,10,2027/2028,4.6,17,4.53,185,10,2,False,-0.022934471785931724,0.21834339212432424,4.533181078613385,18.5,4.18,4.5,First Class,Low
STU_0078,University of Lagos,Medical Sciences,Physiotherapy,Physiotherapy,5.0,6,500,11,2028/2029,4.18,16,4.5,201,11,1,False,-0.032018812798947194,0.22927628995567215,4.430651447018377,18.272727272727273,4.56,4.5,First Class,Low
STU_0078,University of Lagos,Medical Sciences,Physiotherapy,Physiotherapy,5.0,6,500,12,2028/2029,4.56,14,4.5,215,12,0,True,-0.02152570626190121,0.21984439160252214,4.448002951530287,17.916666666666668,,4.5,First Class,Low
STU_0079,University of Lagos,Engineering,Computer,Computer Engineering,5.0,6,100,1,2024/2025,3.16,19,3.16,19,1,11,False,0.0,0.0,3.160958542662329,19.0,2.94,2.96,Second Class Lower,Low
STU_0079,University of Lagos,Engineering,Computer,Computer Engineering,5.0,6,100,2,2024/2025,2.94,22,3.04,41,2,10,False,-0.2229709084186844,0.1576642413501764,3.0494730884529866,20.5,3.1,2.96,Second Class Lower,Low
STU_0079,University of Lagos,Engineering,Computer,Computer Engineering,5.0,6,200,3,2025/2026,3.1,20,3.06,61,3,9,False,-0.032801274489777876,0.11458949994526195,3.0647673901962484,20.333333333333332,3.23,2.96,Second Class Lower,Low
STU_0079,University of Lagos,Engineering,Computer,Computer Engineering,5.0,6,200,4,2025/2026,3.23,21,3.1,82,4,8,False,0.037258850051799096,0.12571419015319282,3.0886807392050115,20.5,2.73,2.96,Second Class Lower,Low
STU_0079,University of Lagos,Engineering,Computer,Computer Engineering,5.0,6,300,5,2026/2027,2.73,19,3.03,101,5,7,False,-0.05699815681124831,0.201123591050571,3.0188889547516635,20.2,3.21,2.96,Second Class Lower,Low
STU_0079,University of Lagos,Engineering,Computer,Computer Engineering,5.0,6,300,6,2026/2027,3.21,18,3.06,119,6,6,False,-0.006367165539947386,0.19485343062068378,3.058618649089924,19.833333333333332,3.32,2.96,Second Class Lower,Low
STU_0079,University of Lagos,Engineering,Computer,Computer Engineering,5.0,6,400,7,2027/2028,3.32,17,3.09,136,7,5,False,0.02352629137487456,0.2026201952234474,3.0871902985686988,19.428571428571427,2.78,2.96,Second Class Lower,Low
STU_0079,University of Lagos,Engineering,Computer,Computer Engineering,5.0,6,400,8,2027/2028,2.78,16,3.06,152,8,4,False,-0.010924527284103995,0.2189392260244781,3.1040071119468204,19.0,2.82,2.96,Second Class Lower,Low
STU_0079,University of Lagos,Engineering,Computer,Computer Engineering,5.0,6,500,9,2028/2029,2.82,16,3.04,168,9,3,False,-0.023432143378367173,0.219480573014516,2.97305198069189,18.666666666666668,2.56,2.96,Second Class Lower,Low
STU_0079,University of Lagos,Engineering,Computer,Computer Engineering,5.0,6,500,10,2028/2029,2.56,17,2.99,185,10,2,False,-0.04294814526177791,0.2556901379510003,2.719311441951905,18.5,2.87,2.96,Second Class Lower,Medium
STU_0079,University of Lagos,Engineering,Computer,Computer Engineering,5.0,6,500,11,2029/2030,2.87,15,2.98,200,11,1,False,-0.03740380715996405,0.2450022918858648,2.7497609474405977,18.181818181818183,2.67,2.96,Second Class Lower,Medium
STU_0079,University of Lagos,Engineering,Computer,Computer Engineering,5.0,6,500,12,2029/2030,2.67,17,2.96,217,12,0,True,-0.04037650753610991,0.2493092455901293,2.700051769468704,18.083333333333332,,2.96,Second Class Lower,Medium
STU_0080,Obafemi Awolowo University,Arts,Linguistics,Linguistics,5.0,4,100,1,2020/2021,4.06,20,4.06,20,1,7,False,0.0,0.0,4.060976785335202,20.0,4.67,4.32,Second Class Upper,Low
STU_0080,Obafemi Awolowo University,Arts,Linguistics,Linguistics,5.0,4,100,2,2020/2021,4.67,22,4.38,42,2,6,False,0.6097158013014985,0.4311341776968792,4.365834685985952,21.0,4.65,4.32,Second Class Upper,Low
STU_0080,Obafemi Awolowo University,Arts,Linguistics,Linguistics,5.0,4,200,3,2021/2022,4.65,20,4.47,62,3,5,False,0.2925863051934119,0.3451527947938256,4.459272922564643,20.666666666666668,4.51,4.32,Second Class Upper,Low
STU_0080,Obafemi Awolowo University,Arts,Linguistics,Linguistics,5.0,4,200,4,2021/2022,4.51,20,4.48,82,4,4,False,0.13261508996112975,0.283009925800305,4.609350043734196,20.5,2.96,4.32,Second Class Upper,Low
STU_0080,Obafemi Awolowo University,Arts,Linguistics,Linguistics,5.0,4,300,5,2022/2023,2.96,15,4.24,97,5,3,False,-0.2359911196150894,0.7190225147084757,4.039373650240687,19.4,4.11,4.32,Second Class Upper,Low
STU_0080,Obafemi Awolowo University,Arts,Linguistics,Linguistics,5.0,4,300,6,2022/2023,4.11,19,4.22,116,6,2,False,-0.14381193303488266,0.643622804591201,3.8597368555850022,19.333333333333332,4.47,4.32,Second Class Upper,Low
STU_0080,Obafemi Awolowo University,Arts,Linguistics,Linguistics,5.0,4,400,7,2023/2024,4.47,19,4.26,135,7,1,False,-0.05623713292297588,0.5994128836044048,3.8471767808027817,19.285714285714285,4.83,4.32,Second Class Upper,Low
STU_0080,Obafemi Awolowo University,Arts,Linguistics,Linguistics,5.0,4,400,8,2023/2024,4.83,18,4.32,153,8,0,True,0.014330355759482308,0.5969143761802274,4.468997863818784,19.125,,4.32,Second Class Upper,Low
STU_0081,Ahmadu Bello University,Social Sciences,Political Science,Political Science,5.0,6,100,1,2021/2022,4.26,19,4.26,19,1,11,False,0.0,0.0,4.2629672685621935,19.0,4.29,4.06,Second Class Upper,Low
STU_0081,Ahmadu Bello University,Social Sciences,Political Science,Political Science,5.0,6,100,2,2021/2022,4.29,22,4.28,41,2,10,False,0.023758893387451963,0.016800074627755505,4.2748467152559195,20.5,3.19,4.06,Second Class Upper,Low
STU_0081,Ahmadu Bello University,Social Sciences,Political Science,Political Science,5.0,6,200,3,2022/2023,3.19,20,3.92,61,3,9,False,-0.5384331379320633,0.6286998786249995,3.911931474403302,20.333333333333332,4.3,4.06,Second Class Upper,Low
STU_0081,Ahmadu Bello University,Social Sciences,Political Science,Political Science,5.0,6,200,4,2022/2023,4.3,22,4.02,83,4,8,False,-0.09872862580961592,0.5489110900764802,3.924524686753904,20.75,5.0,4.06,Second Class Upper,Low
STU_0081,Ahmadu Bello University,Social Sciences,Political Science,Political Science,5.0,6,300,5,2023/2024,5.0,17,4.19,100,5,7,False,0.14880862065399675,0.6498769857313186,4.162282632770689,20.0,3.22,4.06,Second Class Upper,Low
STU_0081,Ahmadu Bello University,Social Sciences,Political Science,Political Science,5.0,6,300,6,2023/2024,3.22,16,4.05,116,6,6,False,-0.056185799518732885,0.7076291479889709,4.173173364043888,19.333333333333332,4.25,4.06,Second Class Upper,Low
STU_0081,Ahmadu Bello University,Social Sciences,Political Science,Political Science,5.0,6,400,7,2024/2025,4.25,15,4.08,131,7,5,False,-0.012835428829403615,0.650738271066244,4.156426255730922,18.714285714285715,3.68,4.06,Second Class Upper,Low
STU_0081,Ahmadu Bello University,Social Sciences,Political Science,Political Science,5.0,6,400,8,2024/2025,3.68,19,4.03,150,8,4,False,-0.0412906160118165,0.6182659931193571,3.716244939800955,18.75,3.9,4.06,Second Class Upper,Low
STU_0081,Ahmadu Bello University,Social Sciences,Political Science,Political Science,5.0,6,500,9,2025/2026,3.9,17,4.01,167,9,3,False,-0.037310797309296616,0.5798606113418969,3.9423368866327237,18.555555555555557,4.47,4.06,Second Class Upper,Low
STU_0081,Ahmadu Bello University,Social Sciences,Political Science,Political Science,5.0,6,500,10,2025/2026,4.47,14,4.05,181,10,2,False,-0.0017961570316537532,0.5660909606025185,4.016733357597781,18.1,4.3,4.06,Second Class Upper,Low
STU_0081,Ahmadu Bello University,Social Sciences,Political Science,Political Science,5.0,6,500,11,2026/2027,4.3,14,4.07,195,11,1,False,0.009825524573181229,0.5421305261067964,4.224048056365507,17.727272727272727,3.96,4.06,Second Class Upper,Low
STU_0081,Ahmadu Bello University,Social Sciences,Political Science,Political Science,5.0,6,500,12,2026/2027,3.96,13,4.06,208,12,0,True,0.0030820275667718874,0.5179917699370749,4.245554889643613,17.333333333333332,,4.06,Second Class Upper,Low
STU_0082,Obafemi Awolowo University,Engineering,Civil,Civil Engineering,5.0,5,100,1,2022/2023,2.89,20,2.89,20,1,9,False,0.0,0.0,2.8852100582463613,20.0,3.85,3.57,Second Class Upper,Medium
STU_0082,Obafemi Awolowo University,Engineering,Civil,Civil Engineering,5.0,5,100,2,2022/2023,3.85,20,3.37,40,2,8,False,0.9673156918867707,0.6839954852812926,3.368867904189747,20.0,3.41,3.57,Second Class Upper,Low
STU_0082,Obafemi Awolowo University,Engineering,Civil,Civil Engineering,5.0,5,200,3,2023/2024,3.41,18,3.38,58,3,7,False,0.26161286034030895,0.4841970509820039,3.3820571957688244,19.333333333333332,3.85,3.57,Second Class Upper,Low
STU_0082,Obafemi Awolowo University,Engineering,Civil,Civil Engineering,5.0,5,200,4,2023/2024,3.85,18,3.49,76,4,6,False,0.2446316879547205,0.45905537263855634,3.703213512519197,19.0,3.8,3.57,Second Class Upper,Low
STU_0082,Obafemi Awolowo University,Engineering,Civil,Civil Engineering,5.0,5,300,5,2024/2025,3.8,19,3.55,95,5,5,False,0.1826436005559128,0.41981670694512424,3.6858220730894034,19.0,3.75,3.57,Second Class Upper,Low
STU_0082,Obafemi Awolowo University,Engineering,Civil,Civil Engineering,5.0,5,300,6,2024/2025,3.75,16,3.58,111,6,4,False,0.1322442435965155,0.3838530339690231,3.801068716274243,18.5,3.75,3.57,Second Class Upper,Low
STU_0082,Obafemi Awolowo University,Engineering,Civil,Civil Engineering,5.0,5,400,7,2025/2026,3.75,19,3.61,130,7,3,False,0.09913593624338579,0.35520008236319134,3.7666446934351256,18.571428571428573,3.78,3.57,Second Class Upper,Low
STU_0082,Obafemi Awolowo University,Engineering,Civil,Civil Engineering,5.0,5,400,8,2025/2026,3.78,15,3.62,145,8,2,False,0.08016268740367129,0.33422692986151376,3.7606626917914046,18.125,3.82,3.57,Second Class Upper,Low
STU_0082,Obafemi Awolowo University,Engineering,Civil,Civil Engineering,5.0,5,500,9,2026/2027,3.82,14,3.64,159,9,1,False,0.06869752403502803,0.31890890117716547,3.783738590852442,17.666666666666668,2.89,3.57,Second Class Upper,Low
STU_0082,Obafemi Awolowo University,Engineering,Civil,Civil Engineering,5.0,5,500,10,2026/2027,2.89,16,3.57,175,10,0,True,0.008338930431610912,0.38552909323005297,3.4994479125516205,17.5,,3.57,Second Class Upper,Low
STU_0083,"University of Nigeria, Nsukka",Science,Mathematics,Mathematics,5.0,6,100,1,2023/2024,2.94,20,2.94,20,1,11,False,0.0,0.0,2.9415965665219006,20.0,3.08,2.77,Second Class Lower,Medium
STU_0083,"University of Nigeria, Nsukka",Science,Mathematics,Mathematics,5.0,6,100,2,2023/2024,3.08,21,3.01,41,2,10,False,0.13515327701172097,0.09556779867457182,3.009173205027761,20.5,2.82,2.77,Second Class Lower,Low
STU_0083,"University of Nigeria, Nsukka",Science,Mathematics,Mathematics,5.0,6,200,3,2024/2025,2.82,22,2.94,63,3,9,False,-0.06102579724233648,0.12865803895387087,2.9459637940309165,21.0,3.23,2.77,Second Class Lower,Medium
STU_0083,"University of Nigeria, Nsukka",Science,Mathematics,Mathematics,5.0,6,200,4,2024/2025,3.23,22,3.02,85,4,8,False,0.06022722024897407,0.17588037972238565,3.0414612466960427,21.25,2.6,2.77,Second Class Lower,Low
STU_0083,"University of Nigeria, Nsukka",Science,Mathematics,Mathematics,5.0,6,300,5,2025/2026,2.6,18,2.94,103,5,7,False,-0.05275464609378346,0.2398669848515059,2.8832625640385534,20.6,2.54,2.77,Second Class Lower,Medium
STU_0083,"University of Nigeria, Nsukka",Science,Mathematics,Mathematics,5.0,6,300,6,2025/2026,2.54,16,2.89,119,6,6,False,-0.08672408880425364,0.268647616167169,2.789273167752676,19.833333333333332,3.01,2.77,Second Class Lower,Medium
STU_0083,"University of Nigeria, Nsukka",Science,Mathematics,Mathematics,5.0,6,400,7,2026/2027,3.01,19,2.91,138,7,5,False,-0.03855835551871407,0.2513734613796076,2.7177871976053427,19.714285714285715,2.21,2.77,Second Class Lower,Medium
STU_0083,"University of Nigeria, Nsukka",Science,Mathematics,Mathematics,5.0,6,400,8,2026/2027,2.21,18,2.83,156,8,4,False,-0.08183935590641685,0.33298604423087586,2.588693261577102,19.5,2.78,2.77,Second Class Lower,Medium
STU_0083,"University of Nigeria, Nsukka",Science,Mathematics,Mathematics,5.0,6,500,9,2027/2028,2.78,15,2.82,171,9,3,False,-0.058637307867648945,0.31155302704660776,2.6708444521390553,19.0,2.75,2.77,Second Class Lower,Medium
STU_0083,"University of Nigeria, Nsukka",Science,Mathematics,Mathematics,5.0,6,500,10,2027/2028,2.75,14,2.82,185,10,2,False,-0.04565289950013184,0.2942520825763629,2.5819301425718906,18.5,2.55,2.77,Second Class Lower,Medium
STU_0083,"University of Nigeria, Nsukka",Science,Mathematics,Mathematics,5.0,6,500,11,2028/2029,2.55,13,2.8,198,11,1,False,-0.045413711966325467,0.28882461832851364,2.693867617148809,18.0,2.39,2.77,Second Class Lower,Medium
STU_0083,"University of Nigeria, Nsukka",Science,Mathematics,Mathematics,5.0,6,500,12,2028/2029,2.39,15,2.77,213,12,0,True,-0.04952160420468864,0.29635165500716315,2.564150061539099,17.75,,2.77,Second Class Lower,Medium
STU_0084,Obafemi Awolowo University,Science,Chemistry,Industrial Chemistry,5.0,4,100,1,2024/2025,3.88,19,3.88,19,1,7,False,0.0,0.0,3.8825669921026607,19.0,3.72,3.68,Second Class Upper,Low
STU_0084,Obafemi Awolowo University,Science,Chemistry,Industrial Chemistry,5.0,4,100,2,2024/2025,3.72,21,3.8,40,2,6,False,-0.1666259055369559,0.1178223077265306,3.7992540393341825,20.0,3.8,3.68,Second Class Upper,Low
STU_0084,Obafemi Awolowo University,Science,Chemistry,Industrial Chemistry,5.0,4,200,3,2025/2026,3.8,20,3.8,60,3,5,False,-0.04340816779792456,0.08333750253885908,3.7980862450583923,20.0,3.45,3.68,Second Class Upper,Low
STU_0084,Obafemi Awolowo University,Science,Chemistry,Industrial Chemistry,5.0,4,200,4,2025/2026,3.45,19,3.71,79,4,4,False,-0.12145433613647283,0.18635229545901896,3.6542692526910776,19.75,3.49,3.68,Second Class Upper,Low
STU_0084,Obafemi Awolowo University,Science,Chemistry,Industrial Chemistry,5.0,4,300,5,2026/2027,3.49,15,3.68,94,5,3,False,-0.10427726672621307,0.1884898909298099,3.5801532885872054,18.8,3.99,3.68,Second Class Upper,Low
STU_0084,Obafemi Awolowo University,Science,Chemistry,Industrial Chemistry,5.0,4,300,6,2026/2027,3.99,17,3.73,111,6,2,False,-0.013365214781464019,0.2141739045815399,3.6453517871918018,18.5,3.41,3.68,Second Class Upper,Low
STU_0084,Obafemi Awolowo University,Science,Chemistry,Industrial Chemistry,5.0,4,400,7,2027/2028,3.41,18,3.68,129,7,1,False,-0.04161998546360059,0.2280292546501707,3.63205630597713,18.428571428571427,3.68,3.68,Second Class Upper,Low
STU_0084,Obafemi Awolowo University,Science,Chemistry,Industrial Chemistry,5.0,4,400,8,2027/2028,3.68,16,3.68,145,8,0,True,-0.027729499290772234,0.211114079841252,3.6933816656850067,18.125,,3.68,Second Class Upper,Low
STU_0085,Ahmadu Bello University,Engineering,Chemical,Chemical Engineering,5.0,5,100,1,2020/2021,2.56,22,2.56,22,1,9,False,0.0,0.0,2.55799525069283,22.0,2.86,2.59,Second Class Lower,Medium
STU_0085,Ahmadu Bello University,Engineering,Chemical,Chemical Engineering,5.0,5,100,2,2020/2021,2.86,20,2.7,42,2,8,False,0.29902119269585414,0.2114399130737278,2.707505847040757,21.0,2.28,2.59,Second Class Lower,Medium
STU_0085,Ahmadu Bello University,Engineering,Chemical,Chemical Engineering,5.0,5,200,3,2021/2022,2.28,18,2.58,60,3,7,False,-0.13770237308105826,0.2872938701987717,2.5658673995374093,20.0,2.74,2.59,Second Class Lower,Medium
STU_0085,Ahmadu Bello University,Engineering,Chemical,Chemical Engineering,5.0,5,200,4,2021/2022,2.74,20,2.62,80,4,6,False,-0.0025563759275973206,0.2503769107974089,2.626852086157631,20.0,2.9,2.59,Second Class Lower,Medium
STU_0085,Ahmadu Bello University,Engineering,Chemical,Chemical Engineering,5.0,5,300,5,2022/2023,2.9,17,2.67,97,5,5,False,0.056101704712254286,0.2519498134806157,2.6400257185853016,19.4,2.66,2.59,Second Class Lower,Medium
STU_0085,Ahmadu Bello University,Engineering,Chemical,Chemical Engineering,5.0,5,300,6,2022/2023,2.66,19,2.66,116,6,4,False,0.03070173724037482,0.2253840978550832,2.765003254342094,19.333333333333332,3.01,2.59,Second Class Lower,Medium
STU_0085,Ahmadu Bello University,Engineering,Chemical,Chemical Engineering,5.0,5,400,7,2023/2024,3.01,16,2.71,132,7,3,False,0.055944206492100634,0.24319498579083096,2.8541827464788745,18.857142857142858,2.21,2.59,Second Class Lower,Medium
STU_0085,Ahmadu Bello University,Engineering,Chemical,Chemical Engineering,5.0,5,400,8,2023/2024,2.21,16,2.65,148,8,2,False,-0.004477553293742009,0.2865404496353997,2.6263898095107088,18.5,2.62,2.59,Second Class Lower,Medium
STU_0085,Ahmadu Bello University,Engineering,Chemical,Chemical Engineering,5.0,5,500,9,2024/2025,2.62,14,2.65,162,9,1,False,-0.005002131795402683,0.26819670336070545,2.61513697806016,18.0,2.0,2.59,Second Class Lower,Medium
STU_0085,Ahmadu Bello University,Engineering,Chemical,Chemical Engineering,5.0,5,500,10,2024/2025,2.0,16,2.59,178,10,0,True,-0.038995778701534714,0.32551067540239187,2.279121612980143,17.8,,2.59,Second Class Lower,Medium
STU_0086,"University of Nigeria, Nsukka",Social Sciences,Geography,Geography,5.0,4,100,1,2021/2022,3.19,20,3.19,20,1,7,False,0.0,0.0,3.1944928022701746,20.0,2.84,2.27,Third Class,Low
STU_0086,"University of Nigeria, Nsukka",Social Sciences,Geography,Geography,5.0,4,100,2,2021/2022,2.84,18,3.03,38,2,6,False,-0.3523422176810169,0.24914357142055374,3.018321693429666,19.0,1.94,2.27,Third Class,Low
STU_0086,"University of Nigeria, Nsukka",Social Sciences,Geography,Geography,5.0,4,200,3,2022/2023,1.94,22,2.63,60,3,5,False,-0.6293138610230422,0.6493127387843162,2.6575028223611405,20.0,2.06,2.27,Third Class,Medium
STU_0086,"University of Nigeria, Nsukka",Social Sciences,Geography,Geography,5.0,4,200,4,2022/2023,2.06,18,2.5,78,4,4,False,-0.43242130816963587,0.6097281883037506,2.277733091546553,19.5,2.62,2.27,Third Class,Medium
STU_0086,"University of Nigeria, Nsukka",Social Sciences,Geography,Geography,5.0,4,300,5,2023/2024,2.62,15,2.52,93,5,3,False,-0.19293452624743912,0.5305989430300823,2.204784116154951,18.6,2.43,2.27,Third Class,Medium
STU_0086,"University of Nigeria, Nsukka",Social Sciences,Geography,Geography,5.0,4,300,6,2023/2024,2.43,19,2.5,112,6,2,False,-0.12523494840399252,0.47651067230025,2.367926627155803,18.666666666666668,1.17,2.27,Third Class,Medium
STU_0086,"University of Nigeria, Nsukka",Social Sciences,Geography,Geography,5.0,4,400,7,2024/2025,1.17,19,2.31,131,7,1,False,-0.22220132223762365,0.6685910561591933,2.072656395957202,18.714285714285715,2.0,2.27,Third Class,High
STU_0086,"University of Nigeria, Nsukka",Social Sciences,Geography,Geography,5.0,4,400,8,2024/2025,2.0,16,2.27,147,8,0,True,-0.17492140084910687,0.6293415745815156,1.8646760164268652,18.375,,2.27,Third Class,Medium
STU_0087,Obafemi Awolowo University,Engineering,Computer,Computer Engineering,5.0,4,100,1,2022/2023,3.5,21,3.5,21,1,7,False,0.0,0.0,3.4972099327277277,21.0,3.82,3.54,Second Class Upper,Low
STU_0087,Obafemi Awolowo University,Engineering,Computer,Computer Engineering,5.0,4,100,2,2022/2023,3.82,21,3.66,42,2,6,False,0.3227797449889813,0.22823974651137321,3.6585998052222184,21.0,3.65,3.54,Second Class Upper,Low
STU_0087,Obafemi Awolowo University,Engineering,Computer,Computer Engineering,5.0,4,200,3,2023/2024,3.65,22,3.65,64,3,5,False,0.0753029520895172,0.1615099241574055,3.6550051491170663,21.333333333333332,3.41,3.54,Second Class Upper,Low
STU_0087,Obafemi Awolowo University,Engineering,Computer,Computer Engineering,5.0,4,200,4,2023/2024,3.41,18,3.6,82,4,4,False,-0.04356440687325911,0.18020108505923987,3.6257306793478836,20.5,3.29,3.54,Second Class Upper,Low
STU_0087,Obafemi Awolowo University,Engineering,Computer,Computer Engineering,5.0,4,300,5,2024/2025,3.29,19,3.54,101,5,3,False,-0.08312090680708221,0.20776550711857217,3.4480364453891745,20.2,3.92,3.54,Second Class Upper,Low
STU_0087,Obafemi Awolowo University,Engineering,Computer,Computer Engineering,5.0,4,300,6,2024/2025,3.92,18,3.6,119,6,2,False,0.008187577162463138,0.2446564497551772,3.5394506519829076,19.833333333333332,3.1,3.54,Second Class Upper,Low
STU_0087,Obafemi Awolowo University,Engineering,Computer,Computer Engineering,5.0,4,400,7,2025/2026,3.1,17,3.54,136,7,1,False,-0.04848988773948453,0.2926474729691053,3.435286726909658,19.428571428571427,3.56,3.54,Second Class Upper,Low
STU_0087,Obafemi Awolowo University,Engineering,Computer,Computer Engineering,5.0,4,400,8,2025/2026,3.56,15,3.54,151,8,0,True,-0.029816676125526416,0.27114809340263346,3.524941309742191,18.875,,3.54,Second Class Upper,Low
STU_0088,Obafemi Awolowo University,Science,Mathematics,Mathematics,5.0,4,100,1,2023/2024,2.86,21,2.86,21,1,7,False,0.0,0.0,2.855984980615324,21.0,2.77,2.89,Second Class Lower,Medium
STU_0088,Obafemi Awolowo University,Science,Mathematics,Mathematics,5.0,4,100,2,2023/2024,2.77,19,2.81,40,2,6,False,-0.08902409985695137,0.06294954469787867,2.8114729306868482,20.0,2.94,2.89,Second Class Lower,Medium
STU_0088,Obafemi Awolowo University,Science,Mathematics,Mathematics,5.0,4,200,3,2024/2025,2.94,19,2.85,59,3,5,False,0.0410987444433073,0.08563347280364575,2.8537094436252115,19.666666666666668,2.77,2.89,Second Class Lower,Medium
STU_0088,Obafemi Awolowo University,Science,Mathematics,Mathematics,5.0,4,200,4,2024/2025,2.77,21,2.83,80,4,4,False,-0.009627728951393032,0.08231785125666749,2.8239873460410454,20.0,3.06,2.89,Second Class Lower,Medium
STU_0088,Obafemi Awolowo University,Science,Mathematics,Mathematics,5.0,4,300,5,2025/2026,3.06,17,2.87,97,5,3,False,0.041249384347115156,0.12526486313886043,2.9224347187211457,19.4,2.69,2.89,Second Class Lower,Medium
STU_0088,Obafemi Awolowo University,Science,Mathematics,Mathematics,5.0,4,300,6,2025/2026,2.69,18,2.84,115,6,2,False,-0.003084456920146434,0.13548279647061792,2.8401943181131464,19.166666666666668,2.87,2.89,Second Class Lower,Medium
STU_0088,Obafemi Awolowo University,Science,Mathematics,Mathematics,5.0,4,400,7,2026/2027,2.87,18,2.85,133,7,1,False,0.0004914063611927937,0.1239723938285343,2.874431757361483,19.0,3.17,2.89,Second Class Lower,Medium
STU_0088,Obafemi Awolowo University,Science,Mathematics,Mathematics,5.0,4,400,8,2026/2027,3.17,18,2.89,151,8,0,True,0.026891070687422487,0.16085608609950566,2.9099771135876202,18.875,,2.89,Second Class Lower,Medium
STU_0089,University of Ibadan,Science,Physics,Physics with Electronics,5.0,6,100,1,2024/2025,3.42,20,3.42,20,1,11,False,0.0,0.0,3.4177779767595964,20.0,3.15,3.15,Second Class Lower,Low
STU_0089,University of Ibadan,Science,Physics,Physics with Electronics,5.0,6,100,2,2024/2025,3.15,21,3.28,41,2,10,False,-0.27179583953947883,0.19218868123665625,3.281880056989857,20.5,2.56,3.15,Second Class Lower,Low
STU_0089,University of Ibadan,Science,Physics,Physics with Electronics,5.0,6,200,3,2025/2026,2.56,22,3.03,63,3,9,False,-0.4287030941275083,0.4381700260879903,3.0413773008280978,21.0,3.3,3.15,Second Class Lower,Low
STU_0089,University of Ibadan,Science,Physics,Physics with Electronics,5.0,6,200,4,2025/2026,3.3,21,3.1,84,4,8,False,-0.09265480395014772,0.3811237764561221,3.0034953351852156,21.0,3.28,3.15,Second Class Lower,Low
STU_0089,University of Ibadan,Science,Physics,Physics with Electronics,5.0,6,300,5,2026/2027,3.28,19,3.13,103,5,7,False,-0.012695475748393248,0.3385218339246622,3.046576498349248,20.6,3.25,3.15,Second Class Lower,Low
STU_0089,University of Ibadan,Science,Physics,Physics with Electronics,5.0,6,300,6,2026/2027,3.25,18,3.15,121,6,6,False,0.008141657126241382,0.30596320087342604,3.275943043741973,20.166666666666668,2.94,3.15,Second Class Lower,Low
STU_0089,University of Ibadan,Science,Physics,Physics with Electronics,5.0,6,400,7,2027/2028,2.94,16,3.12,137,7,5,False,-0.018267559318388527,0.29120399602925306,3.1547890011573227,19.571428571428573,3.36,3.15,Second Class Lower,Low
STU_0089,University of Ibadan,Science,Physics,Physics with Electronics,5.0,6,400,8,2027/2028,3.36,16,3.15,153,8,4,False,0.006871583372603608,0.2814564439284051,3.181753188011141,19.125,3.32,3.15,Second Class Lower,Low
STU_0089,University of Ibadan,Science,Physics,Physics with Electronics,5.0,6,500,9,2028/2029,3.32,16,3.16,169,9,3,False,0.015661601222405844,0.2688110601023428,3.2052180596356763,18.77777777777778,3.6,3.15,Second Class Lower,Low
STU_0089,University of Ibadan,Science,Physics,Physics with Electronics,5.0,6,500,10,2028/2029,3.6,15,3.2,184,10,2,False,0.03470504332145245,0.28722964812666246,3.425533824275498,18.4,2.66,3.15,Second Class Lower,Low
STU_0089,University of Ibadan,Science,Physics,Physics with Electronics,5.0,6,500,11,2029/2030,2.66,14,3.16,198,11,1,False,0.0008713659025227189,0.319528074667532,3.1946477888219103,18.0,3.03,3.15,Second Class Lower,Low
STU_0089,University of Ibadan,Science,Physics,Physics with Electronics,5.0,6,500,12,2029/2030,3.03,15,3.15,213,12,0,True,-0.0045049580878999,0.30712427186322905,3.099043170419252,17.75,,3.15,Second Class Lower,Low
STU_0090,University of Ibadan,Science,Biology,Cell Biology,5.0,4,100,1,2020/2021,3.81,21,3.81,21,1,7,False,0.0,0.0,3.8134168287971097,21.0,3.84,3.43,Second Class Lower,Low
STU_0090,University of Ibadan,Science,Biology,Cell Biology,5.0,4,100,2,2020/2021,3.84,19,3.82,40,2,6,False,0.022984909479177418,0.016252785357685307,3.8249092835366985,20.0,3.59,3.43,Second Class Lower,Low
STU_0090,University of Ibadan,Science,Biology,Cell Biology,5.0,4,200,3,2021/2022,3.59,22,3.74,62,3,5,False,-0.11138466208283382,0.1357384870546789,3.746822023901613,20.666666666666668,3.35,3.43,Second Class Lower,Low
STU_0090,University of Ibadan,Science,Biology,Cell Biology,5.0,4,200,4,2021/2022,3.35,19,3.65,81,4,4,False,-0.1645523538112319,0.22865319569966636,3.591292101183005,20.25,3.38,3.43,Second Class Lower,Low
STU_0090,University of Ibadan,Science,Biology,Cell Biology,5.0,4,300,5,2022/2023,3.38,15,3.61,96,5,3,False,-0.1358832350745915,0.23147418075330148,3.438754185838127,19.2,3.21,3.43,Second Class Lower,Low
STU_0090,University of Ibadan,Science,Biology,Cell Biology,5.0,4,300,6,2022/2023,3.21,16,3.55,112,6,2,False,-0.1322265754609393,0.2592135491898066,3.312259396624095,18.666666666666668,2.99,3.43,Second Class Lower,Low
STU_0090,University of Ibadan,Science,Biology,Cell Biology,5.0,4,400,7,2023/2024,2.99,19,3.47,131,7,1,False,-0.1401416435558976,0.3116689691833576,3.194274952164763,18.714285714285715,3.13,3.43,Second Class Lower,Low
STU_0090,University of Ibadan,Science,Biology,Cell Biology,5.0,4,400,8,2023/2024,3.13,17,3.43,148,8,0,True,-0.12022513783586695,0.31013955244167307,3.1117807856917286,18.5,,3.43,Second Class Lower,Low
STU_0091,University of Ibadan,Social Sciences,Sociology,Sociology,5.0,6,100,1,2021/2022,3.65,20,3.65,20,1,11,False,0.0,0.0,3.652817387108996,20.0,3.43,3.76,Second Class Upper,Low
STU_0091,University of Ibadan,Social Sciences,Sociology,Sociology,5.0,6,100,2,2021/2022,3.43,18,3.55,38,2,10,False,-0.2255488930155698,0.15948715174042852,3.5400429406012113,19.0,3.59,3.76,Second Class Upper,Low
STU_0091,University of Ibadan,Social Sciences,Sociology,Sociology,5.0,6,200,3,2022/2023,3.59,22,3.56,60,3,9,False,-0.02914603814751615,0.11707911288157699,3.5582037306721284,20.0,3.81,3.76,Second Class Upper,Low
STU_0091,University of Ibadan,Social Sciences,Sociology,Sociology,5.0,6,200,4,2022/2023,3.81,22,3.63,82,4,8,False,0.06415982162037755,0.158449163991442,3.610908330614711,20.5,3.67,3.76,Second Class Upper,Low
STU_0091,University of Ibadan,Social Sciences,Sociology,Sociology,5.0,6,300,5,2023/2024,3.67,16,3.64,98,5,7,False,0.04116760222710227,0.13871746052186573,3.6907601831911854,19.6,4.09,3.76,Second Class Upper,Low
STU_0091,University of Ibadan,Social Sciences,Sociology,Sociology,5.0,6,300,6,2023/2024,4.09,18,3.71,116,6,6,False,0.08868740078234487,0.22376667020226662,3.854789973827598,19.333333333333332,3.65,3.76,Second Class Upper,Low
STU_0091,University of Ibadan,Social Sciences,Sociology,Sociology,5.0,6,400,7,2024/2025,3.65,19,3.7,135,7,5,False,0.049770654861276534,0.20524324388389606,3.8023728425347163,19.285714285714285,3.68,3.76,Second Class Upper,Low
STU_0091,University of Ibadan,Social Sciences,Sociology,Sociology,5.0,6,400,8,2024/2025,3.68,18,3.7,153,8,4,False,0.03196006813575762,0.19008884638870496,3.8082005375332635,19.125,4.09,3.76,Second Class Upper,Low
STU_0091,University of Ibadan,Social Sciences,Sociology,Sociology,5.0,6,500,9,2025/2026,4.09,13,3.73,166,9,3,False,0.048578190631558986,0.22087574905692872,3.8094000264488304,18.444444444444443,3.98,3.76,Second Class Upper,Low
STU_0091,University of Ibadan,Social Sciences,Sociology,Sociology,5.0,6,500,10,2025/2026,3.98,15,3.75,181,10,2,False,0.04824954915081403,0.2213051347404071,3.917394685316238,18.1,3.85,3.76,Second Class Upper,Low
STU_0091,University of Ibadan,Social Sciences,Sociology,Sociology,5.0,6,500,11,2026/2027,3.85,16,3.76,197,11,1,False,0.040016841975179206,0.2114797630642158,3.9722047926154445,17.90909090909091,3.86,3.76,Second Class Upper,Low
STU_0091,University of Ibadan,Social Sciences,Sociology,Sociology,5.0,6,500,12,2026/2027,3.86,17,3.76,214,12,0,True,0.03424623124204171,0.20330734889475965,3.8962034192135566,17.833333333333332,,3.76,Second Class Upper,Low
STU_0092,"University of Nigeria, Nsukka",Engineering,Chemical,Chemical Engineering,5.0,6,100,1,2022/2023,4.28,19,4.28,19,1,11,False,0.0,0.0,4.275614395259215,19.0,3.25,4.34,Second Class Upper,Low
STU_0092,"University of Nigeria, Nsukka",Engineering,Chemical,Chemical Engineering,5.0,6,100,2,2022/2023,3.25,20,3.75,39,2,10,False,-1.0247793725788523,0.724628443570602,3.763224708969789,19.5,3.83,4.34,Second Class Upper,Low
STU_0092,"University of Nigeria, Nsukka",Engineering,Chemical,Chemical Engineering,5.0,6,200,3,2023/2024,3.83,19,3.78,58,3,9,False,-0.22433764826729563,0.5137084436750612,3.7844628388880666,19.333333333333332,4.28,4.34,Second Class Upper,Low
STU_0092,"University of Nigeria, Nsukka",Engineering,Chemical,Chemical Engineering,5.0,6,200,4,2023/2024,4.28,20,3.91,78,4,8,False,0.060095625695988676,0.4881494585369582,3.7872241923231367,19.5,4.48,4.34,Second Class Upper,Low
STU_0092,"University of Nigeria, Nsukka",Engineering,Chemical,Chemical Engineering,5.0,6,300,5,2024/2025,4.48,15,4.0,93,5,7,False,0.14470395153140578,0.4944163944403467,4.19781333025442,18.6,4.35,4.34,Second Class Upper,Low
STU_0092,"University of Nigeria, Nsukka",Engineering,Chemical,Chemical Engineering,5.0,6,300,6,2024/2025,4.35,18,4.06,111,6,6,False,0.12892336120676515,0.4615365982965182,4.371375498700313,18.5,4.14,4.34,Second Class Upper,Low
STU_0092,"University of Nigeria, Nsukka",Engineering,Chemical,Chemical Engineering,5.0,6,400,7,2025/2026,4.14,17,4.07,128,7,5,False,0.08768169076190932,0.4220681170750184,4.324818905356353,18.285714285714285,4.66,4.34,Second Class Upper,Low
STU_0092,"University of Nigeria, Nsukka",Engineering,Chemical,Chemical Engineering,5.0,6,400,8,2025/2026,4.66,15,4.13,143,8,4,False,0.10587116983901111,0.43950302412493014,4.382748915679602,17.875,4.89,4.34,Second Class Upper,Low
STU_0092,"University of Nigeria, Nsukka",Engineering,Chemical,Chemical Engineering,5.0,6,500,9,2026/2027,4.89,17,4.21,160,9,3,False,0.12267578151313116,0.4774765573642447,4.562542533943852,17.77777777777778,4.57,4.34,Second Class Upper,Low
STU_0092,"University of Nigeria, Nsukka",Engineering,Chemical,Chemical Engineering,5.0,6,500,10,2026/2027,4.57,14,4.24,174,10,2,False,0.10746152437681046,0.4624262755268313,4.7057700256254,17.4,4.91,4.34,Second Class Upper,Low
STU_0092,"University of Nigeria, Nsukka",Engineering,Chemical,Chemical Engineering,5.0,6,500,11,2027/2028,4.91,13,4.29,187,11,1,False,0.10949080227037335,0.4787378324936338,4.789835161226824,17.0,5.0,4.34,Second Class Upper,Low
STU_0092,"University of Nigeria, Nsukka",Engineering,Chemical,Chemical Engineering,5.0,6,500,12,2027/2028,5.0,15,4.34,202,12,0,True,0.10996620580440566,0.4956664856768191,4.827499674941805,16.833333333333332,,4.34,Second Class Upper,Low
STU_0093,University of Lagos,Social Sciences,Political Science,Political Science,5.0,4,100,1,2023/2024,3.73,22,3.73,22,1,7,False,0.0,0.0,3.7313043541088495,22.0,3.96,3.6,Second Class Upper,Low
STU_0093,University of Lagos,Social Sciences,Political Science,Political Science,5.0,4,100,2,2023/2024,3.96,19,3.84,41,2,6,False,0.2246061190314128,0.15882050986310486,3.843607413624556,20.5,4.08,3.6,Second Class Upper,Low
STU_0093,University of Lagos,Social Sciences,Political Science,Political Science,5.0,4,200,3,2024/2025,4.08,21,3.92,62,3,5,False,0.1745900480191458,0.17696201283654733,3.922566425798751,20.666666666666668,3.68,3.6,Second Class Upper,Low
STU_0093,University of Lagos,Social Sciences,Political Science,Political Science,5.0,4,200,4,2024/2025,3.68,19,3.86,81,4,4,False,-0.003904468884289436,0.1896882862675094,3.9043865740376646,20.25,3.29,3.6,Second Class Upper,Low
STU_0093,University of Lagos,Social Sciences,Political Science,Political Science,5.0,4,300,5,2025/2026,3.29,19,3.75,100,5,3,False,-0.116760701322925,0.3047805026538026,3.6814409778747645,20.0,3.38,3.6,Second Class Upper,Low
STU_0093,University of Lagos,Social Sciences,Political Science,Political Science,5.0,4,300,6,2025/2026,3.38,17,3.7,117,6,2,False,-0.11921480266340906,0.3111551039753259,3.4475617407665564,19.5,3.32,3.6,Second Class Upper,Low
STU_0093,University of Lagos,Social Sciences,Political Science,Political Science,5.0,4,400,7,2026/2027,3.32,17,3.65,134,7,1,False,-0.11351441793794279,0.3156172745637061,3.328978762735273,19.142857142857142,3.25,3.6,Second Class Upper,Low
STU_0093,University of Lagos,Social Sciences,Political Science,Political Science,5.0,4,400,8,2026/2027,3.25,18,3.6,152,8,0,True,-0.10731089842118322,0.32155425656190595,3.3177681203072797,19.0,,3.6,Second Class Upper,Low
STU_0094,University of Ibadan,Arts,Philosophy,Philosophy,5.0,5,100,1,2024/2025,3.94,21,3.94,21,1,9,False,0.0,0.0,3.940034955856365,21.0,3.87,4.58,First Class,Low
STU_0094,University of Ibadan,Arts,Philosophy,Philosophy,5.0,5,100,2,2024/2025,3.87,18,3.91,39,2,8,False,-0.06566747698923825,0.046433918282501936,3.907201217361746,19.5,4.93,4.58,First Class,Low
STU_0094,University of Ibadan,Arts,Philosophy,Philosophy,5.0,5,200,3,2025/2026,4.93,22,4.28,61,3,7,False,0.49420394346509355,0.5905276230205492,4.247615092503348,20.333333333333332,4.28,4.58,First Class,Low
STU_0094,University of Ibadan,Arts,Philosophy,Philosophy,5.0,5,200,4,2025/2026,4.28,19,4.28,80,4,6,False,0.20666081699729494,0.48239597726138594,4.3601187376204065,20.0,4.51,4.58,First Class,Low
STU_0094,University of Ibadan,Arts,Philosophy,Philosophy,5.0,5,300,5,2026/2027,4.51,16,4.32,96,5,5,False,0.1536775417347326,0.43267028819175485,4.5709407307846375,19.2,4.73,4.58,First Class,Low
STU_0094,University of Ibadan,Arts,Philosophy,Philosophy,5.0,5,300,6,2026/2027,4.73,15,4.37,111,6,4,False,0.14844078165245114,0.4240030611016063,4.50473319320369,18.5,4.59,4.58,First Class,Low
STU_0094,University of Ibadan,Arts,Philosophy,Philosophy,5.0,5,400,7,2027/2028,4.59,17,4.4,128,7,3,False,0.11542061404101407,0.39521769811308566,4.608060778666849,18.285714285714285,5.0,4.58,First Class,Low
STU_0094,University of Ibadan,Arts,Philosophy,Philosophy,5.0,5,400,8,2027/2028,5.0,19,4.48,147,8,2,False,0.12641643906641256,0.42182115814757654,4.772449625880243,18.375,5.0,4.58,First Class,Low
STU_0094,University of Ibadan,Arts,Philosophy,Philosophy,5.0,5,500,9,2028/2029,5.0,17,4.53,164,9,1,False,0.1231200614738377,0.43089427044474693,4.8625095491990065,18.22222222222222,5.0,4.58,First Class,Low
STU_0094,University of Ibadan,Arts,Philosophy,Philosophy,5.0,5,500,10,2028/2029,5.0,17,4.58,181,10,0,True,0.11472626589177205,0.4316918731596779,5.0,18.1,,4.58,First Class,Low
STU_0095,Obafemi Awolowo University,Social Sciences,Political Science,Political Science,5.0,6,100,1,2020/2021,4.01,20,4.01,20,1,11,False,0.0,0.0,4.007310063861503,20.0,4.27,3.93,Second Class Upper,Low
STU_0095,Obafemi Awolowo University,Social Sciences,Political Science,Political Science,5.0,6,100,2,2020/2021,4.27,19,4.14,39,2,10,False,0.26757172425882736,0.18920178067719387,4.141095925990917,19.5,4.26,3.93,Second Class Upper,Low
STU_0095,Obafemi Awolowo University,Social Sciences,Political Science,Political Science,5.0,6,200,3,2021/2022,4.26,19,4.18,58,3,9,False,0.12507900688834628,0.14970910504057386,4.179886643206676,19.333333333333332,3.84,3.93,Second Class Upper,Low
STU_0095,Obafemi Awolowo University,Social Sciences,Political Science,Political Science,5.0,6,200,4,2021/2022,3.84,22,4.08,80,4,8,False,-0.05138451259220962,0.2085951975842677,4.124727597046681,20.0,2.56,3.93,Second Class Upper,Low
STU_0095,Obafemi Awolowo University,Social Sciences,Political Science,Political Science,5.0,6,300,5,2022/2023,2.56,18,3.8,98,5,7,False,-0.33338117391142386,0.7113341812803935,3.5520765428978343,19.6,4.14,3.93,Second Class Upper,Low
STU_0095,Obafemi Awolowo University,Social Sciences,Political Science,Political Science,5.0,6,300,6,2022/2023,4.14,16,3.85,114,6,6,False,-0.13965921091997927,0.652617091401078,3.5141186887987383,19.0,3.68,3.93,Second Class Upper,Low
STU_0095,Obafemi Awolowo University,Social Sciences,Political Science,Political Science,5.0,6,400,7,2023/2024,3.68,19,3.83,133,7,5,False,-0.10473179170775804,0.5989251398326387,3.4615692715927366,19.0,4.07,3.93,Second Class Upper,Low
STU_0095,Obafemi Awolowo University,Social Sciences,Political Science,Political Science,5.0,6,400,8,2023/2024,4.07,15,3.85,148,8,4,False,-0.04896589040585582,0.5615120970468344,3.9672619302406313,18.5,3.91,3.93,Second Class Upper,Low
STU_0095,Obafemi Awolowo University,Social Sciences,Political Science,Political Science,5.0,6,500,9,2024/2025,3.91,17,3.86,165,9,3,False,-0.030474345151080266,0.5255903287380861,3.89008128543364,18.333333333333332,4.32,3.93,Second Class Upper,Low
STU_0095,Obafemi Awolowo University,Social Sciences,Political Science,Political Science,5.0,6,500,10,2024/2025,4.32,13,3.89,178,10,2,False,0.002963870964317986,0.5165000027655852,4.10269454157022,17.8,4.37,3.93,Second Class Upper,Low
STU_0095,Obafemi Awolowo University,Social Sciences,Political Science,Political Science,5.0,6,500,11,2025/2026,4.37,13,3.93,191,11,1,False,0.02344369747541027,0.5098129072058266,4.202787642030002,17.363636363636363,3.99,3.93,Second Class Upper,Low
STU_0095,Obafemi Awolowo University,Social Sciences,Political Science,Political Science,5.0,6,500,12,2025/2026,3.99,13,3.93,204,12,0,True,0.019703802313530857,0.4862491488965619,4.229868424589018,17.0,,3.93,Second Class Upper,Low
STU_0096,"University of Nigeria, Nsukka",Medical Sciences,Physiotherapy,Physiotherapy,5.0,4,100,1,2021/2022,4.14,18,4.14,18,1,7,False,0.0,0.0,4.141242048643552,18.0,3.74,3.89,Second Class Upper,Low
STU_0096,"University of Nigeria, Nsukka",Medical Sciences,Physiotherapy,Physiotherapy,5.0,4,100,2,2021/2022,3.74,18,3.94,36,2,6,False,-0.39886832103878866,0.2820424946070203,3.941807888124158,18.0,4.26,3.89,Second Class Upper,Low
STU_0096,"University of Nigeria, Nsukka",Medical Sciences,Physiotherapy,Physiotherapy,5.0,4,200,3,2022/2023,4.26,22,4.06,58,3,5,False,0.05968042284112274,0.2713866915954245,4.048072890191372,19.333333333333332,3.13,3.89,Second Class Upper,Low
STU_0096,"University of Nigeria, Nsukka",Medical Sciences,Physiotherapy,Physiotherapy,5.0,4,200,4,2022/2023,3.13,20,3.82,78,4,4,False,-0.250749980095906,0.5085204616745861,3.711880782671361,19.5,3.52,3.89,Second Class Upper,Low
STU_0096,"University of Nigeria, Nsukka",Medical Sciences,Physiotherapy,Physiotherapy,5.0,4,300,5,2023/2024,3.52,19,3.76,97,5,3,False,-0.1854975565168948,0.46045456882342073,3.637292295743006,19.4,4.53,3.89,Second Class Upper,Low
STU_0096,"University of Nigeria, Nsukka",Medical Sciences,Physiotherapy,Physiotherapy,5.0,4,300,6,2023/2024,4.53,17,3.88,114,6,2,False,0.003654064224381186,0.5175020192525488,3.7259804004123116,19.0,3.8,3.89,Second Class Upper,Low
STU_0096,"University of Nigeria, Nsukka",Medical Sciences,Physiotherapy,Physiotherapy,5.0,4,400,7,2024/2025,3.8,15,3.87,129,7,1,False,-0.006622943923229168,0.47345626333102026,3.9497242008431868,18.428571428571427,4.06,3.89,Second Class Upper,Low
STU_0096,"University of Nigeria, Nsukka",Medical Sciences,Physiotherapy,Physiotherapy,5.0,4,400,8,2024/2025,4.06,19,3.89,148,8,0,True,0.010677315645042115,0.4429876090236374,4.1289422249066945,18.5,,3.89,Second Class Upper,Low
STU_0097,Ahmadu Bello University,Social Sciences,Economics,Economics,5.0,5,100,1,2022/2023,3.59,20,3.59,20,1,9,False,0.0,0.0,3.5918182735637454,20.0,3.13,3.4,Second Class Lower,Low
STU_0097,Ahmadu Bello University,Social Sciences,Economics,Economics,5.0,5,100,2,2022/2023,3.13,21,3.35,41,2,8,False,-0.46237991456954397,0.3269519730765811,3.3606283162789734,20.5,3.47,3.4,Second Class Lower,Low
STU_0097,Ahmadu Bello University,Social Sciences,Economics,Economics,5.0,5,200,3,2023/2024,3.47,21,3.39,62,3,7,False,-0.06276266438475897,0.23910346628413867,3.395849859117391,20.666666666666668,3.06,3.4,Second Class Lower,Low
STU_0097,Ahmadu Bello University,Social Sciences,Economics,Economics,5.0,5,200,4,2023/2024,3.06,22,3.31,84,4,6,False,-0.12524823489591266,0.2568482396019675,3.2192568663663743,21.0,3.16,3.4,Second Class Lower,Low
STU_0097,Ahmadu Bello University,Social Sciences,Economics,Economics,5.0,5,300,5,2024/2025,3.16,16,3.28,100,5,5,False,-0.09266138250714114,0.2323562998955503,3.230181044324905,20.0,3.52,3.4,Second Class Lower,Low
STU_0097,Ahmadu Bello University,Social Sciences,Economics,Economics,5.0,5,300,6,2024/2025,3.52,16,3.32,116,6,4,False,-0.018706814233388068,0.22971156202998058,3.2487693238939563,19.333333333333332,3.52,3.4,Second Class Lower,Low
STU_0097,Ahmadu Bello University,Social Sciences,Economics,Economics,5.0,5,400,7,2025/2026,3.52,17,3.34,133,7,3,False,0.00911451465229296,0.2221712120316524,3.400256718108782,19.0,3.69,3.4,Second Class Lower,Low
STU_0097,Ahmadu Bello University,Social Sciences,Economics,Economics,5.0,5,400,8,2025/2026,3.69,15,3.38,148,8,2,False,0.034221234537413325,0.23783826554129334,3.5754497494190187,18.5,3.47,3.4,Second Class Lower,Low
STU_0097,Ahmadu Bello University,Social Sciences,Economics,Economics,5.0,5,500,9,2026/2027,3.47,13,3.38,161,9,1,False,0.02892913351270996,0.22386322693116806,3.5570580438424,17.88888888888889,3.6,3.4,Second Class Lower,Low
STU_0097,Ahmadu Bello University,Social Sciences,Economics,Economics,5.0,5,500,10,2026/2027,3.6,13,3.4,174,10,0,True,0.03186670524514115,0.22019698015671255,3.5845776261715776,17.4,,3.4,Second Class Lower,Low
STU_0098,University of Lagos,Engineering,Mechanical,Mechanical Engineering,5.0,6,100,1,2023/2024,2.12,22,2.12,22,1,11,False,0.0,0.0,2.1179565220734884,22.0,2.12,2.23,Third Class,Medium
STU_0098,University of Lagos,Engineering,Mechanical,Mechanical Engineering,5.0,6,100,2,2023/2024,2.12,21,2.12,43,2,10,False,0.004751419737833551,0.003359761116885712,2.120332231942405,21.5,2.1,2.23,Third Class,Medium
STU_0098,University of Lagos,Engineering,Mechanical,Mechanical Engineering,5.0,6,200,3,2024/2025,2.1,20,2.12,63,3,9,False,-0.007103874040128355,0.00986480392938807,2.114804412626014,21.0,2.18,2.23,Third Class,Medium
STU_0098,University of Lagos,Engineering,Mechanical,Mechanical Engineering,5.0,6,200,4,2024/2025,2.18,18,2.13,81,4,8,False,0.017956098994552416,0.03558626581615962,2.1368622079330826,20.25,2.62,2.23,Third Class,Medium
STU_0098,University of Lagos,Engineering,Mechanical,Mechanical Engineering,5.0,6,300,5,2025/2026,2.62,15,2.21,96,5,7,False,0.10660723931168685,0.22047013461043855,2.302720139176054,19.2,2.27,2.23,Third Class,Medium
STU_0098,University of Lagos,Engineering,Mechanical,Mechanical Engineering,5.0,6,300,6,2025/2026,2.27,17,2.22,113,6,6,False,0.06648815944638298,0.19783581650676338,2.357721592898486,18.833333333333332,2.04,2.23,Third Class,Medium
STU_0098,University of Lagos,Engineering,Mechanical,Mechanical Engineering,5.0,6,400,7,2026/2027,2.04,19,2.19,132,7,5,False,0.0206638424253839,0.19505679389432828,2.3101042686653437,18.857142857142858,2.23,2.23,Third Class,Medium
STU_0098,University of Lagos,Engineering,Mechanical,Mechanical Engineering,5.0,6,400,8,2026/2027,2.23,19,2.2,151,8,4,False,0.0159422228163968,0.18082123456820265,2.1814783326578646,18.875,2.04,2.23,Third Class,Medium
STU_0098,University of Lagos,Engineering,Mechanical,Mechanical Engineering,5.0,6,500,9,2027/2028,2.04,13,2.18,164,9,3,False,4.0850046599357386e-05,0.17804471221583917,2.1068529196210704,18.22222222222222,2.44,2.23,Third Class,Medium
STU_0098,University of Lagos,Engineering,Mechanical,Mechanical Engineering,5.0,6,500,10,2027/2028,2.44,14,2.2,178,10,2,False,0.013260051446445554,0.18455638965530868,2.2383211359488815,17.8,2.3,2.23,Third Class,Medium
STU_0098,University of Lagos,Engineering,Mechanical,Mechanical Engineering,5.0,6,500,11,2028/2029,2.3,15,2.21,193,11,1,False,0.013626745657591713,0.17678057985255055,2.2596463239670173,17.545454545454547,2.44,2.23,Third Class,Medium
STU_0098,University of Lagos,Engineering,Mechanical,Mechanical Engineering,5.0,6,500,12,2028/2029,2.44,13,2.23,206,12,0,True,0.01861047421416132,0.17925484121169255,2.3900482807947747,17.166666666666668,,2.23,Third Class,Medium
STU_0099,University of Lagos,Medical Sciences,Pharmacy,Pharmacy,5.0,4,100,1,2024/2025,1.95,18,1.95,18,1,7,False,0.0,0.0,1.9521397979371176,18.0,2.56,2.47,Second Class Lower,High
STU_0099,University of Lagos,Medical Sciences,Pharmacy,Pharmacy,5.0,4,100,2,2024/2025,2.56,18,2.25,36,2,6,False,0.6034084246262275,0.42667418887829717,2.2538440102502313,18.0,1.8,2.47,Second Class Lower,Medium
STU_0099,University of Lagos,Medical Sciences,Pharmacy,Pharmacy,5.0,4,200,3,2025/2026,1.8,21,2.09,57,3,5,False,-0.07653921668580588,0.39995981048034807,2.1022497950219896,19.0,2.68,2.47,Second Class Lower,Medium
STU_0099,University of Lagos,Medical Sciences,Pharmacy,Pharmacy,5.0,4,200,4,2025/2026,2.68,19,2.23,76,4,4,False,0.141977842645171,0.4351909234999719,2.344057048849717,19.0,2.62,2.47,Second Class Lower,Medium
STU_0099,University of Lagos,Medical Sciences,Pharmacy,Pharmacy,5.0,4,300,5,2026/2027,2.62,15,2.3,91,5,3,False,0.14610719983503842,0.41262226522079615,2.3660973508898793,18.2,2.42,2.47,Second Class Lower,Medium
STU_0099,University of Lagos,Medical Sciences,Pharmacy,Pharmacy,5.0,4,300,6,2026/2027,2.42,17,2.32,108,6,2,False,0.0978816483319902,0.37134515424477865,2.5737231472406434,18.0,3.01,2.47,Second Class Lower,Medium
STU_0099,University of Lagos,Medical Sciences,Pharmacy,Pharmacy,5.0,4,400,7,2027/2028,3.01,19,2.42,127,7,1,False,0.1332370603203001,0.423716609655425,2.684721322606379,18.142857142857142,2.83,2.47,Second Class Lower,Medium
STU_0099,University of Lagos,Medical Sciences,Pharmacy,Pharmacy,5.0,4,400,8,2027/2028,2.83,19,2.47,146,8,0,True,0.12200685537614223,0.41678146365365454,2.75491615523389,18.25,,2.47,Second Class Lower,Medium
